Week,Nino1+2 SST,Nino1+2 SSTA,Nino3 SST,Nino3 SSTA,Nino34 SST,Nino34 SSTA,Nino4 SST, Nino4 SSTA
3-Jan-90,23.4,-0.4,25.1,-0.3,26.6,0,28.6,0.3
10-Jan-90,23.4,-0.8,25.2,-0.3,26.6,0.1,28.6,0.3
17-Jan-90,24.2,-0.3,25.3,-0.3,26.5,-0.1,28.6,0.3
24-Jan-90,24.4,-0.5,25.5,-0.4,26.5,-0.1,28.4,0.2
31-Jan-90,25.1,-0.2,25.8,-0.2,26.7,0.1,28.4,0.2
7-Feb-90,25.8,0.2,26.1,-0.1,26.8,0.1,28.4,0.3
14-Feb-90,25.9,-0.1,26.4,0,26.9,0.2,28.5,0.4
21-Feb-90,26.1,-0.1,26.7,0.2,27.1,0.3,28.9,0.8
28-Feb-90,26.1,-0.2,26.7,-0.1,27.2,0.3,29,0.8
7-Mar-90,26.7,0.3,26.7,-0.2,27.3,0.2,28.9,0.7
14-Mar-90,26.1,-0.4,26.9,-0.2,27.3,0.1,28.6,0.4
21-Mar-90,26.1,-0.2,27.2,0,27.6,0.3,28.7,0.5
28-Mar-90,25.7,-0.4,27.5,0.2,27.8,0.3,28.8,0.5
4-Apr-90,25.6,-0.3,27.6,0.3,27.9,0.4,28.8,0.4
11-Apr-90,25.1,-0.6,27.6,0.2,27.9,0.2,28.8,0.3
18-Apr-90,25.3,0,27.7,0.2,28,0.2,28.9,0.4
25-Apr-90,25.1,0,27.8,0.4,28.2,0.4,29.2,0.6
2-May-90,24.6,-0.2,27.6,0.3,28.1,0.3,29,0.4
9-May-90,24.2,-0.2,27.5,0.3,28.1,0.3,28.9,0.2
16-May-90,24.3,0.1,27.4,0.3,28,0.2,28.8,0.1
23-May-90,23.7,-0.2,27.2,0.2,28.1,0.3,29,0.2
30-May-90,23.4,-0.1,27.1,0.3,27.9,0.2,28.9,0.1
6-Jun-90,23.2,0,26.7,0.1,27.7,0,28.9,0.1
13-Jun-90,22.8,-0.2,26.6,0.1,27.7,0,29,0.1
20-Jun-90,22.5,-0.1,26.4,0,27.5,-0.1,29,0.1
27-Jun-90,22.1,-0.3,26,-0.1,27.3,-0.2,28.9,0.1
4-Jul-90,21.7,-0.4,25.8,-0.2,27.3,-0.1,28.9,0.1
11-Jul-90,21.3,-0.5,25.4,-0.3,27.2,-0.1,28.8,0
18-Jul-90,21,-0.5,25.7,0.1,27.4,0.2,29.1,0.3
25-Jul-90,20.2,-1.1,25.1,-0.4,27.3,0.1,29.1,0.3
1-Aug-90,20.6,-0.6,25.1,-0.2,27.1,0.1,29,0.3
8-Aug-90,20.4,-0.5,25.2,0.1,27.2,0.3,29.3,0.6
15-Aug-90,20.4,-0.3,25.1,0.1,27,0.2,29.2,0.5
22-Aug-90,19.8,-0.7,24.9,0,27,0.2,29.2,0.5
29-Aug-90,20.2,-0.3,25,0.1,26.9,0.2,29,0.4
5-Sep-90,19.7,-0.8,24.9,0,26.7,0,28.9,0.3
12-Sep-90,20.1,-0.3,24.7,-0.2,26.7,0,29.1,0.4
19-Sep-90,20.3,-0.1,24.9,0.1,26.8,0,29.1,0.4
26-Sep-90,20.3,-0.2,24.8,-0.1,26.7,0,29,0.3
3-Oct-90,20.8,0.1,25.1,0.2,26.9,0.2,29.2,0.5
10-Oct-90,20.1,-0.6,24.9,0,27,0.3,29.1,0.5
17-Oct-90,20.3,-0.6,24.9,0,27,0.3,29.3,0.6
24-Oct-90,20.1,-0.9,24.9,-0.1,27,0.4,29.3,0.6
31-Oct-90,20.2,-1,24.7,-0.2,26.9,0.2,29.2,0.6
7-Nov-90,20.5,-0.8,25,0.1,27,0.3,29.1,0.5
14-Nov-90,20.8,-0.8,24.8,-0.1,26.7,0,29,0.4
21-Nov-90,20.9,-0.9,24.6,-0.4,26.6,0,29,0.4
28-Nov-90,21.5,-0.6,24.8,-0.3,26.5,-0.1,28.9,0.4
5-Dec-90,22.2,-0.2,25.2,0.1,26.9,0.3,29.2,0.7
12-Dec-90,22.1,-0.5,25,-0.1,26.8,0.3,29.3,0.8
19-Dec-90,22.2,-0.8,24.9,-0.3,26.9,0.4,29.2,0.7
26-Dec-90,23.3,0,25.3,0,27,0.4,29,0.6
2-Jan-91,23.2,-0.5,25.3,-0.1,26.9,0.4,28.9,0.5
9-Jan-91,23.5,-0.6,25.4,-0.1,27,0.4,29.1,0.8
16-Jan-91,23.7,-0.7,25.7,0.1,27,0.5,29,0.8
23-Jan-91,24.2,-0.6,25.8,0,27.1,0.5,29,0.8
30-Jan-91,24.7,-0.5,26,0,27,0.3,28.9,0.7
6-Feb-91,25.4,-0.2,26.1,0,27,0.3,28.8,0.6
13-Feb-91,26,0,26.3,0,27,0.3,28.8,0.7
20-Feb-91,26.5,0.3,26.3,-0.2,26.9,0.1,28.7,0.6
27-Feb-91,26.5,0.2,26.5,-0.2,26.8,-0.1,28.5,0.4
6-Mar-91,26.5,0.2,26.6,-0.3,26.8,-0.2,28.5,0.3
13-Mar-91,26.8,0.4,27,-0.1,27.1,-0.1,28.5,0.3
20-Mar-91,26.6,0.2,27.1,-0.1,27.4,0.1,28.6,0.4
27-Mar-91,26.2,0.1,27.4,0.1,27.7,0.3,28.9,0.6
3-Apr-91,25.8,-0.1,27.3,0,27.8,0.2,28.9,0.5
10-Apr-91,25.2,-0.5,27,-0.4,27.8,0.1,29.1,0.7
17-Apr-91,24.9,-0.5,27.5,0,28.2,0.4,29.2,0.7
24-Apr-91,24.3,-0.8,27.4,0,28.1,0.3,29.2,0.6
1-May-91,24.6,-0.2,27.6,0.4,28.1,0.3,29.1,0.4
8-May-91,24.4,-0.2,27.5,0.3,28.3,0.5,29.3,0.6
15-May-91,24.5,0.2,27.5,0.4,28.4,0.5,29.5,0.7
22-May-91,24.3,0.4,27.7,0.7,28.5,0.7,29.5,0.7
29-May-91,24.2,0.5,27.6,0.8,28.5,0.7,29.5,0.7
5-Jun-91,23.7,0.4,27.5,0.8,28.3,0.6,29.3,0.5
12-Jun-91,23.2,0.2,27.4,0.9,28.3,0.6,29.3,0.5
19-Jun-91,23,0.3,27.2,0.9,28.4,0.8,29.4,0.5
26-Jun-91,22.2,-0.2,27.3,1.1,28.4,0.9,29.4,0.6
3-Jul-91,22.8,0.7,27,1,28.1,0.7,29.2,0.4
10-Jul-91,22.3,0.4,26.8,1,28.1,0.8,29.2,0.4
17-Jul-91,21.9,0.3,26.6,1,27.9,0.7,29.3,0.5
24-Jul-91,21.6,0.3,26.2,0.7,27.7,0.5,29.2,0.5
31-Jul-91,21.6,0.5,26.1,0.8,27.9,0.9,29.5,0.7
7-Aug-91,21.2,0.3,25.6,0.4,27.5,0.6,29.3,0.6
14-Aug-91,21.3,0.5,25.4,0.4,27.6,0.7,29.3,0.6
21-Aug-91,20.9,0.3,25.4,0.5,27.4,0.6,29.3,0.6
28-Aug-91,20.7,0.2,25.2,0.3,27,0.3,29,0.3
4-Sep-91,20.9,0.4,25.1,0.2,27.1,0.3,29.1,0.5
11-Sep-91,20.7,0.3,24.7,-0.1,26.9,0.1,29,0.4
18-Sep-91,20.7,0.3,25.1,0.2,27.2,0.5,29.4,0.7
25-Sep-91,20.8,0.3,25.2,0.3,27.1,0.4,29.2,0.5
2-Oct-91,20.8,0.2,25.3,0.4,27.2,0.5,29.3,0.6
9-Oct-91,21.1,0.4,25.6,0.7,27.7,1,29.5,0.8
16-Oct-91,20.7,-0.1,25.5,0.6,27.8,1.1,29.6,1
23-Oct-91,21.2,0.2,25.7,0.8,27.6,0.9,29.4,0.7
30-Oct-91,21.9,0.7,25.9,1,27.8,1.1,29.4,0.8
6-Nov-91,22,0.7,25.8,0.9,27.8,1.1,29.5,0.8
13-Nov-91,21.9,0.4,25.9,1,27.8,1.1,29.5,0.9
20-Nov-91,22.5,0.7,26.1,1.1,27.9,1.3,29.4,0.8
27-Nov-91,22.3,0.3,26.1,1.1,28,1.4,29.4,0.9
4-Dec-91,22.8,0.5,26.2,1.1,28.1,1.5,29.4,0.9
11-Dec-91,23.4,0.8,26.5,1.4,28.3,1.7,29.4,0.9
18-Dec-91,23.7,0.8,26.6,1.5,28.5,2,29.5,1
25-Dec-91,23.6,0.3,26.7,1.4,28.5,1.9,29.6,1.2
1-Jan-92,24,0.3,26.7,1.3,28.5,1.9,29.3,1
8-Jan-92,24.2,0.2,26.8,1.3,28.5,1.9,29.2,0.9
15-Jan-92,24.6,0.2,26.9,1.3,28.4,1.9,29.1,0.8
22-Jan-92,25.3,0.5,27.1,1.3,28.4,1.8,29,0.7
29-Jan-92,25.9,0.7,27.4,1.4,28.3,1.7,28.7,0.6
5-Feb-92,26.3,0.8,27.5,1.3,28.4,1.7,28.8,0.7
12-Feb-92,26.4,0.5,27.6,1.3,28.6,1.9,29,0.9
19-Feb-92,26.8,0.6,27.8,1.3,28.8,2,29.2,1.1
26-Feb-92,27.3,1.1,27.9,1.2,28.8,1.9,29.1,1
4-Mar-92,27.3,1,27.9,1.1,28.6,1.6,29.1,0.9
11-Mar-92,27.7,1.2,28.1,1,28.7,1.6,29.2,1
18-Mar-92,27.9,1.4,28.5,1.3,28.8,1.6,28.9,0.7
25-Mar-92,28.1,1.9,28.7,1.4,29,1.6,29.1,0.8
1-Apr-92,27.9,1.9,28.7,1.3,29.1,1.6,29.4,1
8-Apr-92,28.3,2.6,28.8,1.4,29.3,1.6,29.6,1.2
15-Apr-92,28,2.5,28.8,1.3,29.2,1.4,29.5,1
22-Apr-92,27.1,1.9,28.6,1.2,29,1.2,29.3,0.8
29-Apr-92,27,2.1,28.8,1.5,29.1,1.2,29.2,0.6
6-May-92,27,2.4,28.8,1.6,29.2,1.3,29.4,0.7
13-May-92,26.6,2.3,28.6,1.5,29.1,1.2,29.5,0.8
20-May-92,25.8,1.8,28.2,1.2,29,1.1,29.5,0.8
27-May-92,25.9,2.2,28.1,1.3,28.8,1.1,29.5,0.7
3-Jun-92,24.2,0.9,27.5,0.8,28.6,0.9,29.4,0.6
10-Jun-92,24.2,1.2,26.8,0.3,28.3,0.6,29.4,0.6
17-Jun-92,23.9,1.1,26.6,0.2,27.8,0.2,29.2,0.4
24-Jun-92,23.5,1,26.2,0,27.6,0.1,29.2,0.4
1-Jul-92,22.3,0.1,25.8,-0.2,27.6,0.1,29.2,0.4
8-Jul-92,23,1.1,26.2,0.4,28,0.7,29.5,0.7
15-Jul-92,21.4,-0.3,25.7,0,27.7,0.5,29.5,0.7
22-Jul-92,21.6,0.2,25.1,-0.4,27.2,0,29.2,0.5
29-Jul-92,21.5,0.3,24.9,-0.5,27.1,0.1,29.2,0.5
5-Aug-92,20.8,-0.2,24.6,-0.6,26.7,-0.2,29.1,0.4
12-Aug-92,20.8,0,24.9,-0.2,26.6,-0.3,28.8,0.1
19-Aug-92,20.3,-0.4,24.6,-0.4,26.6,-0.3,28.8,0.2
26-Aug-92,20.3,-0.3,24.8,-0.2,26.7,-0.1,28.9,0.3
2-Sep-92,20.3,-0.2,24.4,-0.5,26.3,-0.4,28.6,0
9-Sep-92,19.7,-0.8,24.4,-0.5,26.4,-0.3,28.7,0.1
16-Sep-92,20.1,-0.2,24.5,-0.3,26.5,-0.2,28.9,0.2
23-Sep-92,20.1,-0.3,24.6,-0.3,26.5,-0.2,28.9,0.2
30-Sep-92,20.2,-0.4,24.7,-0.2,26.6,-0.1,28.7,0
7-Oct-92,20.5,-0.2,24.5,-0.4,26.4,-0.3,28.8,0.1
14-Oct-92,20.7,0,24.6,-0.3,26.4,-0.3,28.6,-0.1
21-Oct-92,20.9,0,24.6,-0.4,26.2,-0.5,28.8,0.1
28-Oct-92,21.5,0.4,24.8,-0.1,26.2,-0.4,28.5,-0.1
4-Nov-92,21.2,-0.1,24.7,-0.2,26.3,-0.4,28.6,0
11-Nov-92,21.2,-0.3,24.8,-0.1,26.6,-0.1,28.8,0.2
18-Nov-92,21.2,-0.5,24.7,-0.3,26.4,-0.2,28.5,-0.1
25-Nov-92,22.1,0.2,24.9,-0.2,26.7,0,28.8,0.2
2-Dec-92,22.2,0,24.9,-0.2,26.7,0.1,28.9,0.4
9-Dec-92,22.2,-0.3,25.1,0,26.8,0.2,28.7,0.2
16-Dec-92,22.3,-0.5,24.9,-0.3,26.7,0.1,28.7,0.3
23-Dec-92,22.5,-0.7,25.1,-0.2,26.8,0.2,28.9,0.4
30-Dec-92,23.3,-0.2,25.1,-0.3,26.6,0,28.6,0.2
6-Jan-93,23.6,-0.3,25.4,-0.1,26.7,0.1,28.5,0.2
13-Jan-93,24.4,0.1,25.6,0,26.8,0.2,28.7,0.4
20-Jan-93,24.5,-0.2,25.5,-0.2,26.6,0,28.6,0.3
27-Jan-93,25.2,0.1,25.8,-0.2,26.7,0,28.6,0.4
3-Feb-93,26.2,0.8,26.3,0.2,26.9,0.3,28.5,0.3
10-Feb-93,26.6,0.7,26.4,0.2,26.8,0.1,28.3,0.2
17-Feb-93,26.6,0.4,26.9,0.5,27,0.2,28.3,0.2
24-Feb-93,26.6,0.4,26.7,0.1,27.1,0.2,28.5,0.4
3-Mar-93,26.9,0.6,26.9,0.1,27.2,0.2,28.4,0.3
10-Mar-93,27.2,0.7,27.3,0.3,27.4,0.3,28.4,0.3
17-Mar-93,27.1,0.6,27.5,0.3,27.7,0.4,28.6,0.4
24-Mar-93,27.2,1,28,0.7,28,0.7,28.8,0.5
31-Mar-93,27.7,1.7,28.3,1,28.2,0.7,28.9,0.6
7-Apr-93,26.6,0.9,28.4,1,28.3,0.6,28.7,0.3
14-Apr-93,26.3,0.7,28.5,1,28.8,1.1,29,0.5
21-Apr-93,26.3,1,28.4,1,28.7,0.9,29,0.5
28-Apr-93,26,1.1,28.5,1.2,28.8,1,29,0.4
5-May-93,25.9,1.2,28.5,1.2,28.8,1,28.9,0.3
12-May-93,25.6,1.2,28.3,1.2,28.9,1,29.1,0.4
19-May-93,24.9,0.8,28.1,1.1,28.8,1,29.2,0.4
26-May-93,24.3,0.6,27.9,1,28.9,1.1,29.2,0.4
2-Jun-93,24.5,1.1,27.7,0.9,28.6,0.9,29.2,0.4
9-Jun-93,23.9,0.7,27.2,0.6,28.3,0.6,29.1,0.2
16-Jun-93,23.6,0.8,27.1,0.6,28.2,0.6,29.1,0.2
23-Jun-93,23.8,1.3,26.9,0.7,28.2,0.7,29.3,0.5
30-Jun-93,23,0.7,26.7,0.6,28.1,0.6,29.3,0.5
7-Jul-93,22.4,0.4,26.1,0.3,27.9,0.6,29.3,0.5
14-Jul-93,22.2,0.5,25.8,0.1,27.4,0.2,29.2,0.4
21-Jul-93,22,0.6,25.6,0.1,27.5,0.4,29.2,0.4
28-Jul-93,21.3,0,25.3,-0.1,27.2,0.1,29.1,0.4
4-Aug-93,21.2,0.2,25,-0.3,26.8,-0.2,28.9,0.2
11-Aug-93,20.8,0,25,-0.1,26.9,0,29,0.3
18-Aug-93,21.1,0.5,24.8,-0.1,26.8,0,28.7,0.1
25-Aug-93,21.2,0.6,24.9,0,26.9,0.1,29.1,0.4
1-Sep-93,20.9,0.4,24.9,0,26.9,0.2,29.1,0.4
8-Sep-93,20.8,0.3,25,0.1,26.8,0.1,29,0.4
15-Sep-93,20.8,0.4,24.9,0,26.9,0.2,29.1,0.5
22-Sep-93,21,0.5,25,0.2,27,0.3,29.1,0.4
29-Sep-93,20.7,0.2,25.1,0.2,27,0.3,29,0.3
6-Oct-93,20.6,-0.1,25.2,0.3,26.9,0.2,28.8,0.1
13-Oct-93,20.8,0,25.3,0.4,27,0.3,29,0.3
20-Oct-93,21.2,0.3,25,0.1,26.6,0,28.9,0.2
27-Oct-93,21.3,0.2,25.3,0.4,27.1,0.4,29,0.3
3-Nov-93,22,0.8,25.4,0.4,27.2,0.5,29,0.3
10-Nov-93,21.4,0,25.1,0.1,26.9,0.2,28.8,0.2
17-Nov-93,21.7,0,25.1,0.2,26.9,0.2,28.9,0.3
24-Nov-93,21.4,-0.5,25.1,0,26.7,0.1,29,0.5
1-Dec-93,21.8,-0.4,25.3,0.2,26.9,0.3,29.2,0.6
8-Dec-93,22.1,-0.3,25.3,0.2,26.9,0.4,29,0.5
15-Dec-93,23.1,0.4,25.3,0.2,26.8,0.3,28.9,0.4
22-Dec-93,23,-0.2,25.3,0.1,26.6,0.1,28.9,0.4
29-Dec-93,23.3,-0.2,25.4,0,26.5,-0.1,28.6,0.2
5-Jan-94,23.8,0,25.7,0.2,26.7,0.1,28.7,0.3
12-Jan-94,23.9,-0.3,25.7,0.1,26.7,0.2,28.5,0.2
19-Jan-94,24.6,0,25.7,-0.1,26.5,-0.1,28.5,0.2
26-Jan-94,24.8,-0.2,25.8,-0.1,26.5,-0.2,28.2,0
2-Feb-94,25.4,0,25.9,-0.1,26.6,0,28.2,0
9-Feb-94,25.9,0.1,26.2,0,26.7,0,28.1,0
16-Feb-94,25.6,-0.5,26.1,-0.3,26.6,-0.1,28,0
23-Feb-94,26.1,-0.1,25.9,-0.7,26.4,-0.5,27.9,-0.2
2-Mar-94,26.2,-0.1,26.6,-0.2,26.6,-0.3,27.9,-0.2
9-Mar-94,25.5,-0.9,27,0.1,27.2,0.1,28.2,0.1
16-Mar-94,25.7,-0.9,27,-0.1,27.4,0.2,28.4,0.2
23-Mar-94,25,-1.2,26.8,-0.4,27.3,-0.1,28.3,0
30-Mar-94,24.8,-1.3,27,-0.3,27.7,0.2,28.3,0
6-Apr-94,24.9,-0.9,27,-0.4,27.6,0,28.5,0.1
13-Apr-94,24.7,-0.9,27.2,-0.3,28,0.2,28.6,0.2
20-Apr-94,24.2,-1.1,27,-0.4,28,0.2,28.6,0.1
27-Apr-94,23.4,-1.6,27.1,-0.2,28.1,0.3,28.7,0.2
4-May-94,23.4,-1.3,27,-0.3,27.9,0.1,28.8,0.1
11-May-94,23.6,-0.8,26.8,-0.3,27.8,0,28.9,0.2
18-May-94,23,-1.1,27.2,0.1,28.2,0.4,29,0.2
25-May-94,23,-0.8,26.9,0,28.1,0.3,29.1,0.3
1-Jun-94,22.8,-0.7,26.9,0.1,28.3,0.5,29.3,0.5
8-Jun-94,22.7,-0.5,26.7,0.1,28,0.3,29.1,0.3
15-Jun-94,22.7,-0.1,26.8,0.4,28.2,0.6,29.2,0.3
22-Jun-94,22.2,-0.4,26.2,-0.1,27.9,0.3,29.2,0.4
29-Jun-94,21.7,-0.6,25.9,-0.2,27.6,0.1,29.2,0.4
6-Jul-94,21.9,-0.1,25.6,-0.3,27.4,0.1,29.3,0.5
13-Jul-94,21.3,-0.4,25.2,-0.5,27.3,0.1,29.4,0.6
20-Jul-94,20.9,-0.6,25.1,-0.4,27.4,0.2,29.5,0.8
27-Jul-94,20.8,-0.5,24.8,-0.6,27.2,0.1,29.4,0.6
3-Aug-94,20.1,-1,24.5,-0.8,27.3,0.3,29.4,0.7
10-Aug-94,19.2,-1.6,24.8,-0.3,27.6,0.7,29.5,0.8
17-Aug-94,19.6,-1.1,24.8,-0.2,27.4,0.6,29.5,0.9
24-Aug-94,20,-0.5,24.8,-0.2,27.3,0.5,29.5,0.8
31-Aug-94,19.6,-0.9,24.7,-0.2,27.1,0.3,29.4,0.7
7-Sep-94,20.1,-0.4,24.6,-0.3,26.9,0.2,29.3,0.6
14-Sep-94,20,-0.3,24.6,-0.2,26.9,0.1,29.2,0.5
21-Sep-94,20.5,0.1,24.9,0,27,0.2,29.2,0.5
28-Sep-94,20.2,-0.3,25.2,0.3,27.2,0.5,29.2,0.6
5-Oct-94,21,0.3,25.4,0.5,27.3,0.6,29.4,0.8
12-Oct-94,21.7,0.9,25.6,0.7,27.5,0.8,29.4,0.8
19-Oct-94,21.8,0.9,25.6,0.6,27.5,0.8,29.4,0.8
26-Oct-94,21.7,0.7,25.6,0.6,27.6,1,29.5,0.9
2-Nov-94,22.1,0.9,25.7,0.7,27.8,1.1,29.6,1
9-Nov-94,22.1,0.7,26,1,27.9,1.3,29.5,0.9
16-Nov-94,22.3,0.7,25.8,0.8,27.8,1.1,29.6,1
23-Nov-94,22.8,0.9,25.9,0.9,27.9,1.2,29.7,1.1
30-Nov-94,22.9,0.7,26,0.9,28,1.4,29.8,1.3
7-Dec-94,23.3,0.9,26,0.9,27.9,1.3,29.6,1.1
14-Dec-94,23.4,0.7,25.9,0.8,27.9,1.3,29.5,1.1
21-Dec-94,23.7,0.6,26.2,1,27.9,1.3,29.3,0.9
28-Dec-94,24.3,0.9,26.3,0.9,27.9,1.3,29.3,0.9
4-Jan-95,24.7,0.8,26.1,0.7,27.6,1.1,29.3,0.9
11-Jan-95,25.1,0.9,26.2,0.7,27.6,1,29.2,0.9
18-Jan-95,25.3,0.8,26.4,0.7,27.6,1,29.3,1
25-Jan-95,25.9,0.9,26.5,0.6,27.5,0.8,29.1,0.8
1-Feb-95,26.2,0.9,26.7,0.7,27.4,0.8,29,0.9
8-Feb-95,26.7,0.9,26.9,0.7,27.4,0.7,29.1,1
15-Feb-95,26.5,0.4,26.8,0.4,27.3,0.5,28.9,0.8
22-Feb-95,26.4,0.2,26.9,0.3,27.5,0.7,29,0.9
1-Mar-95,26,-0.2,26.9,0.2,27.7,0.7,29,0.9
8-Mar-95,26,-0.4,26.7,-0.2,27.4,0.4,28.9,0.7
15-Mar-95,26.6,0.1,27.1,0,27.7,0.5,29,0.9
22-Mar-95,26.4,0.1,27.2,-0.1,27.7,0.3,29,0.8
29-Mar-95,25.4,-0.6,27.4,0.1,27.7,0.2,28.8,0.5
5-Apr-95,24.9,-1,27.2,-0.2,27.9,0.3,28.8,0.5
12-Apr-95,24.9,-0.7,27.3,-0.2,27.8,0.1,28.8,0.4
19-Apr-95,24.6,-0.7,27.3,-0.2,28.2,0.4,28.9,0.3
26-Apr-95,23.5,-1.5,26.6,-0.7,27.9,0.1,28.9,0.3
3-May-95,23.3,-1.4,26.6,-0.6,28,0.2,29.2,0.6
10-May-95,23,-1.4,26.3,-0.8,27.7,-0.1,29.1,0.4
17-May-95,23,-1.2,26.2,-0.8,27.7,-0.2,29.2,0.4
24-May-95,23.2,-0.6,26.4,-0.5,27.6,-0.2,29.1,0.3
31-May-95,22.8,-0.7,26.4,-0.3,27.7,0,29,0.2
7-Jun-95,22.9,-0.3,26.4,-0.2,27.7,0,29.1,0.3
14-Jun-95,22.9,0,26.4,-0.1,27.7,0.1,29.1,0.3
21-Jun-95,21.9,-0.7,26,-0.3,27.5,0,28.9,0.1
28-Jun-95,21.8,-0.5,25.8,-0.3,27.3,-0.1,28.8,0
5-Jul-95,22,0,25.7,-0.2,27.3,-0.1,29,0.2
12-Jul-95,21.2,-0.5,25.6,-0.1,27.1,-0.2,28.8,0
19-Jul-95,21,-0.5,25.3,-0.2,26.9,-0.3,28.7,-0.1
26-Jul-95,20.8,-0.5,25.1,-0.3,26.8,-0.3,28.6,-0.1
2-Aug-95,20.3,-0.8,24.8,-0.5,26.7,-0.3,28.5,-0.2
9-Aug-95,19.9,-1,24.3,-0.8,26.3,-0.6,28.3,-0.4
16-Aug-95,20,-0.7,24.3,-0.7,26.4,-0.4,28.5,-0.2
23-Aug-95,19.9,-0.7,24.3,-0.7,26.3,-0.5,28.4,-0.2
30-Aug-95,20.1,-0.5,24,-0.9,25.9,-0.8,28.2,-0.5
6-Sep-95,20.4,0,24.1,-0.8,26,-0.8,28.2,-0.5
13-Sep-95,19.9,-0.5,24.1,-0.8,26,-0.7,28,-0.6
20-Sep-95,20.2,-0.2,24,-0.9,26.1,-0.7,28.4,-0.3
27-Sep-95,20.2,-0.3,23.9,-1,25.9,-0.8,28.4,-0.3
4-Oct-95,19.6,-1,23.9,-1,25.6,-1.1,28.1,-0.5
11-Oct-95,20.2,-0.5,24.1,-0.8,25.6,-1.1,28,-0.6
18-Oct-95,20,-0.8,24.1,-0.9,25.8,-0.9,28.2,-0.5
25-Oct-95,20.3,-0.7,24,-0.9,25.6,-1.1,27.9,-0.8
1-Nov-95,21,-0.2,24.1,-0.8,25.6,-1,28,-0.7
8-Nov-95,20.6,-0.8,23.9,-1.1,25.8,-0.9,28.1,-0.5
15-Nov-95,21.3,-0.2,24.1,-0.9,25.7,-1,27.8,-0.8
22-Nov-95,21.4,-0.4,24.1,-0.9,25.5,-1.1,27.7,-0.9
29-Nov-95,21.6,-0.5,24.1,-1,25.7,-0.9,28.1,-0.5
6-Dec-95,21.5,-0.9,24.1,-1,25.6,-1,27.9,-0.6
13-Dec-95,21.7,-1,24,-1.1,25.4,-1.2,27.9,-0.5
20-Dec-95,22,-1,24.1,-1.1,25.6,-1,28.1,-0.3
27-Dec-95,22.8,-0.6,24.5,-0.8,25.7,-0.9,28.1,-0.3
3-Jan-96,23.4,-0.4,24.6,-0.8,25.6,-1,28.1,-0.3
10-Jan-96,23.6,-0.6,24.9,-0.6,25.6,-1,27.9,-0.4
17-Jan-96,24,-0.5,25.2,-0.5,25.9,-0.7,27.8,-0.5
24-Jan-96,23.9,-1,25,-0.8,25.9,-0.7,27.9,-0.4
31-Jan-96,24.6,-0.7,25.2,-0.8,25.8,-0.9,27.8,-0.4
7-Feb-96,25.4,-0.3,25.4,-0.8,25.6,-1.1,27.5,-0.6
14-Feb-96,25.9,-0.1,25.7,-0.6,25.8,-0.9,27.5,-0.5
21-Feb-96,26,-0.2,25.9,-0.6,25.8,-1,27.4,-0.7
28-Feb-96,26.1,-0.2,26.3,-0.5,26.3,-0.6,27.5,-0.6
6-Mar-96,26.6,0.2,26.5,-0.4,26.2,-0.8,27.5,-0.6
13-Mar-96,26.1,-0.3,26.9,-0.2,26.6,-0.6,27.7,-0.5
20-Mar-96,26.3,-0.1,27,-0.2,26.8,-0.5,27.7,-0.5
27-Mar-96,25.7,-0.4,26.7,-0.6,26.8,-0.6,27.8,-0.4
3-Apr-96,24.4,-1.5,26.5,-0.9,27,-0.6,27.9,-0.5
10-Apr-96,23.9,-1.7,27,-0.4,27.4,-0.3,27.9,-0.5
17-Apr-96,23.8,-1.6,26.8,-0.7,27.3,-0.4,28,-0.5
24-Apr-96,23.6,-1.5,26.7,-0.7,27.6,-0.1,28.2,-0.3
1-May-96,23,-1.9,26.4,-0.9,27.4,-0.4,28.2,-0.4
8-May-96,23,-1.6,26.5,-0.7,27.6,-0.2,28.4,-0.3
15-May-96,23,-1.3,26.3,-0.8,27.3,-0.5,28.3,-0.4
22-May-96,23,-0.9,26.2,-0.7,27.2,-0.6,28.5,-0.3
29-May-96,22.6,-1.1,26.2,-0.6,27.3,-0.4,28.6,-0.2
5-Jun-96,22.3,-1,26,-0.6,27.3,-0.4,28.6,-0.3
12-Jun-96,21.9,-1,26,-0.5,27.3,-0.4,28.5,-0.4
19-Jun-96,21.4,-1.3,25.8,-0.6,27.3,-0.3,28.4,-0.4
26-Jun-96,20.6,-1.8,25.7,-0.5,27.3,-0.2,28.6,-0.2
3-Jul-96,20.4,-1.7,25.9,0,27.6,0.2,28.6,-0.2
10-Jul-96,20.1,-1.8,25.4,-0.3,27.1,-0.2,28.5,-0.3
17-Jul-96,20,-1.6,25.4,-0.2,27.1,-0.1,28.3,-0.5
24-Jul-96,20.2,-1.2,25.1,-0.4,26.9,-0.2,28.5,-0.3
31-Jul-96,19.2,-1.9,24.7,-0.6,26.6,-0.4,28.4,-0.3
7-Aug-96,19.2,-1.7,24.8,-0.4,26.7,-0.3,28.5,-0.2
14-Aug-96,20,-0.8,24.6,-0.5,26.5,-0.4,28.6,0
21-Aug-96,20.1,-0.5,24.6,-0.3,26.5,-0.3,28.6,-0.1
28-Aug-96,18.9,-1.6,24.4,-0.6,26.5,-0.2,28.4,-0.3
4-Sep-96,19.1,-1.3,24.3,-0.6,26.4,-0.4,28.5,-0.2
11-Sep-96,19.4,-1,24.4,-0.5,26.2,-0.5,28.3,-0.4
18-Sep-96,19.1,-1.3,24.3,-0.5,26.4,-0.3,28.5,-0.2
25-Sep-96,19.3,-1.2,24.4,-0.4,26.3,-0.4,28.4,-0.3
2-Oct-96,19.5,-1.2,24.5,-0.4,26.2,-0.5,28.3,-0.4
9-Oct-96,19.5,-1.3,24.3,-0.6,26.2,-0.5,28.5,-0.2
16-Oct-96,20.2,-0.6,24.4,-0.5,26.3,-0.3,28.5,-0.1
23-Oct-96,20.5,-0.5,24.4,-0.6,26.2,-0.5,28.3,-0.3
30-Oct-96,20,-1.1,24.3,-0.7,26.1,-0.5,28.3,-0.3
6-Nov-96,20.2,-1.2,24.4,-0.6,26.1,-0.5,28.1,-0.5
13-Nov-96,20.1,-1.4,24.4,-0.6,26.2,-0.5,28.3,-0.3
20-Nov-96,20.3,-1.5,24.4,-0.6,26.3,-0.3,28.4,-0.1
27-Nov-96,20.4,-1.6,24.3,-0.7,26.2,-0.4,28.3,-0.2
4-Dec-96,20.8,-1.5,24.4,-0.7,26.3,-0.3,28.5,0
11-Dec-96,21.6,-1,24.1,-1,26.1,-0.5,28.6,0.1
18-Dec-96,21.6,-1.3,24.2,-1,25.9,-0.6,28.3,-0.1
25-Dec-96,22.1,-1.1,24.1,-1.1,25.9,-0.7,28.3,-0.1
1-Jan-97,22.5,-1.2,24.3,-1.1,25.8,-0.8,28.2,-0.2
8-Jan-97,23,-1,24.5,-1,25.9,-0.6,28.4,0.1
15-Jan-97,23.6,-0.8,24.6,-1,25.8,-0.7,28.4,0.1
22-Jan-97,24.3,-0.5,24.8,-1,25.9,-0.7,28.4,0.2
29-Jan-97,24.6,-0.6,25.1,-0.8,26.3,-0.4,28.4,0.2
5-Feb-97,25.3,-0.2,25.2,-0.9,26.2,-0.5,28.4,0.2
12-Feb-97,25.4,-0.6,25.8,-0.5,26.4,-0.3,28.3,0.2
19-Feb-97,26.3,0.1,25.9,-0.6,26.4,-0.4,28.2,0.1
26-Feb-97,26.2,-0.1,26.2,-0.4,26.5,-0.4,28.2,0.1
5-Mar-97,26.8,0.5,26.6,-0.3,26.6,-0.4,28.1,0
12-Mar-97,26.9,0.5,26.8,-0.3,26.8,-0.4,28.3,0.1
19-Mar-97,27,0.6,27.3,0.1,27.4,0.1,28.5,0.3
26-Mar-97,27.2,1,27.4,0.1,27.3,-0.1,28.9,0.7
2-Apr-97,27,1.1,27.3,-0.1,27.5,0,29.2,0.8
9-Apr-97,26.4,0.7,27.3,-0.1,27.8,0.2,29.2,0.8
16-Apr-97,26.5,1.1,27.6,0.1,28,0.3,29.3,0.8
23-Apr-97,26.6,1.4,27.8,0.4,28.4,0.6,29.5,0.9
30-Apr-97,26.8,1.9,28,0.7,28.4,0.6,29.5,0.8
7-May-97,26.8,2.2,28.2,1,28.6,0.8,29.4,0.8
14-May-97,26.7,2.4,28,0.9,28.5,0.6,29.3,0.6
21-May-97,26.6,2.6,27.9,1,28.6,0.8,29.5,0.7
28-May-97,26.8,3.1,28.1,1.3,28.8,1,29.5,0.7
4-Jun-97,26.4,3.1,28,1.3,28.8,1.1,29.4,0.6
11-Jun-97,26.5,3.5,28.1,1.6,28.9,1.2,29.3,0.5
18-Jun-97,26,3.3,28.2,1.8,29,1.4,29.4,0.6
25-Jun-97,26.2,3.7,28.2,2,29.1,1.6,29.5,0.7
2-Jul-97,25.9,3.7,28.1,2.1,29,1.5,29.4,0.6
9-Jul-97,25.7,3.8,28,2.2,28.9,1.6,29.5,0.7
16-Jul-97,25.7,4.1,28.1,2.5,29,1.8,29.5,0.7
23-Jul-97,25.5,4.1,27.9,2.4,28.8,1.7,29.5,0.8
30-Jul-97,25.2,4,27.9,2.6,28.9,1.9,29.5,0.8
6-Aug-97,25.3,4.3,27.8,2.6,28.8,1.8,29.4,0.7
13-Aug-97,25.4,4.6,27.9,2.9,28.9,2,29.3,0.6
20-Aug-97,24.2,3.6,27.9,2.9,28.9,2.1,29.2,0.5
27-Aug-97,24.3,3.7,27.7,2.7,28.8,2,29.2,0.5
3-Sep-97,24.6,4.2,27.8,2.9,28.9,2.1,29.2,0.6
10-Sep-97,24.6,4.2,27.8,2.9,28.9,2.2,29.3,0.6
17-Sep-97,24.2,3.8,27.8,2.9,28.9,2.2,29.3,0.6
24-Sep-97,24.4,3.9,27.9,3,28.9,2.2,29.5,0.8
1-Oct-97,24.1,3.5,28,3.1,29.1,2.4,29.4,0.7
8-Oct-97,24.5,3.8,28.1,3.2,29.2,2.6,29.3,0.6
15-Oct-97,24.5,3.7,28.1,3.2,29.2,2.5,29.3,0.7
22-Oct-97,24.9,3.9,28.2,3.3,29.3,2.6,29.5,0.8
29-Oct-97,24.7,3.6,28.3,3.4,29.2,2.6,29.2,0.6
5-Nov-97,25,3.7,28.4,3.4,29.2,2.6,29.2,0.6
12-Nov-97,25.8,4.3,28.5,3.6,29.3,2.7,29.5,0.8
19-Nov-97,25.8,4.1,28.6,3.6,29.3,2.7,29.7,1.1
26-Nov-97,25.9,3.9,28.7,3.7,29.4,2.8,29.7,1.1
3-Dec-97,26.2,3.9,28.6,3.6,29.2,2.6,29.4,0.9
10-Dec-97,26.7,4.2,28.7,3.6,29.2,2.7,29.4,0.9
17-Dec-97,27,4.1,28.8,3.6,29.3,2.7,29.3,0.8
24-Dec-97,27.2,4,28.8,3.5,29.3,2.7,29.3,0.9
31-Dec-97,27.7,4.1,28.9,3.5,29.2,2.7,29.2,0.8
7-Jan-98,28,4,28.9,3.4,29.2,2.6,29.1,0.8
14-Jan-98,28.4,4,28.9,3.3,29.1,2.5,29,0.7
21-Jan-98,28.4,3.7,28.9,3.2,29,2.4,28.9,0.7
28-Jan-98,28.3,3.2,29.1,3.1,29.1,2.4,28.9,0.7
4-Feb-98,28.9,3.4,29.1,3,29.2,2.5,29,0.9
11-Feb-98,28.9,3,29,2.7,29,2.3,29,0.9
18-Feb-98,29.1,3,28.8,2.3,28.7,1.9,28.8,0.7
25-Feb-98,29.1,2.9,28.9,2.2,28.6,1.7,28.8,0.7
4-Mar-98,29.2,2.8,29,2.2,28.5,1.5,28.6,0.4
11-Mar-98,29.2,2.8,29.1,2.1,28.7,1.6,28.8,0.7
18-Mar-98,29.2,2.7,29.1,2,28.6,1.4,28.6,0.4
25-Mar-98,29.1,2.8,29.2,2,28.8,1.5,28.6,0.4
1-Apr-98,29.1,3.1,29.3,1.9,28.7,1.2,28.6,0.2
8-Apr-98,28.8,3,29.2,1.8,28.6,1,28.5,0
15-Apr-98,28.6,3.1,29.1,1.6,28.4,0.6,28.5,0
22-Apr-98,28.4,3.2,29,1.6,28.5,0.7,28.5,-0.1
29-Apr-98,28.3,3.4,28.9,1.6,28.7,0.8,28.7,0.1
6-May-98,27.8,3.2,29.4,2.1,29.1,1.3,28.7,0.1
13-May-98,28.1,3.8,28.7,1.6,28.8,0.9,28.7,-0.1
20-May-98,27.9,3.9,27.6,0.7,28.3,0.5,28.6,-0.2
27-May-98,27,3.3,27.1,0.2,27.9,0.1,28.8,0
3-Jun-98,26.2,2.8,26.1,-0.6,27.1,-0.6,28.7,-0.1
10-Jun-98,26.1,3,26.2,-0.3,26.9,-0.8,28.6,-0.2
17-Jun-98,24.6,1.8,25.8,-0.6,26.7,-1,28.7,-0.1
24-Jun-98,24.5,2,26,-0.2,26.4,-1.1,28.5,-0.3
1-Jul-98,24.1,1.9,25.7,-0.3,26.4,-1.1,28.3,-0.5
8-Jul-98,23.6,1.7,25.6,-0.2,26.2,-1.2,28.2,-0.6
15-Jul-98,23.6,2,25.3,-0.4,25.9,-1.4,28.1,-0.7
22-Jul-98,23,1.5,24.9,-0.6,25.7,-1.4,28,-0.8
29-Jul-98,23.2,2,24.9,-0.5,25.7,-1.4,27.8,-1
5-Aug-98,22.6,1.7,24.8,-0.4,25.6,-1.4,27.9,-0.8
12-Aug-98,21.8,1.1,24.6,-0.5,25.5,-1.4,27.8,-0.9
19-Aug-98,21.3,0.7,24.4,-0.6,25.2,-1.6,27.6,-1
26-Aug-98,21.2,0.7,24.7,-0.3,25.6,-1.2,27.6,-1
2-Sep-98,21.1,0.6,24.5,-0.4,25.6,-1.2,27.8,-0.8
9-Sep-98,20.9,0.5,24.3,-0.6,25.9,-0.8,28.3,-0.4
16-Sep-98,21,0.7,24.2,-0.7,25.7,-1,28,-0.7
23-Sep-98,20.5,0.1,24.1,-0.7,25.5,-1.2,27.6,-1.1
30-Sep-98,20.9,0.3,23.7,-1.2,25.1,-1.6,27.2,-1.4
7-Oct-98,20.9,0.2,23.9,-1,25.3,-1.4,27.5,-1.2
14-Oct-98,21.2,0.4,24.1,-0.8,25.4,-1.3,27.3,-1.4
21-Oct-98,21.1,0.1,24.1,-0.8,25.3,-1.4,27.2,-1.5
28-Oct-98,21.6,0.5,24.2,-0.7,25.5,-1.2,27.3,-1.3
4-Nov-98,21.4,0.1,24.4,-0.6,25.2,-1.5,27.2,-1.4
11-Nov-98,21,-0.4,24,-0.9,25.2,-1.5,27.2,-1.4
18-Nov-98,21.7,0,24.1,-0.9,25.2,-1.4,27.1,-1.5
25-Nov-98,21.5,-0.5,24,-1,25.1,-1.5,27.2,-1.4
2-Dec-98,21.7,-0.5,23.9,-1.2,25.1,-1.5,27.3,-1.2
9-Dec-98,22,-0.5,23.8,-1.3,24.8,-1.8,27.2,-1.2
16-Dec-98,22.5,-0.3,23.9,-1.3,24.7,-1.8,27.1,-1.4
23-Dec-98,23.3,0.2,23.8,-1.4,24.6,-1.9,27,-1.4
30-Dec-98,23.2,-0.4,23.9,-1.5,24.7,-1.9,26.7,-1.7
6-Jan-99,23.4,-0.5,24.1,-1.4,24.7,-1.9,26.7,-1.7
13-Jan-99,23.7,-0.6,24.2,-1.4,25,-1.6,26.8,-1.5
20-Jan-99,23.3,-1.4,24.5,-1.3,25,-1.6,26.4,-1.8
27-Jan-99,24.5,-0.6,24.9,-1,25,-1.6,26.2,-2
3-Feb-99,24.8,-0.6,25.1,-1,25.2,-1.5,26.6,-1.6
10-Feb-99,25.1,-0.7,25,-1.2,25.2,-1.5,26.5,-1.6
17-Feb-99,25.5,-0.6,25.5,-0.9,25.5,-1.3,26.3,-1.7
24-Feb-99,26.8,0.6,26.4,-0.2,25.7,-1.2,26.4,-1.7
3-Mar-99,27.4,1.1,26.7,-0.1,26.1,-0.9,26.8,-1.3
10-Mar-99,27,0.6,26.6,-0.4,26.1,-1,26.7,-1.5
17-Mar-99,26.4,0,26.7,-0.4,26.2,-1,26.9,-1.2
24-Mar-99,26.3,0,26.7,-0.6,26.5,-0.9,27,-1.2
31-Mar-99,25.8,-0.3,26.6,-0.7,26.5,-1,27,-1.3
7-Apr-99,24.4,-1.3,26.7,-0.7,26.7,-0.9,27.1,-1.3
14-Apr-99,24.6,-0.9,26.5,-0.9,26.8,-0.9,27.3,-1.1
21-Apr-99,23.8,-1.4,26.7,-0.7,27,-0.8,27.4,-1.1
28-Apr-99,23.7,-1.3,26.8,-0.6,27,-0.8,27.5,-1.1
5-May-99,23.6,-1.1,26.6,-0.6,27,-0.8,27.8,-0.9
12-May-99,23.7,-0.7,26.7,-0.4,27.1,-0.7,27.9,-0.8
19-May-99,23.7,-0.4,26.5,-0.5,26.9,-0.9,27.8,-0.9
26-May-99,23.2,-0.6,26.1,-0.8,26.9,-0.9,27.9,-0.9
2-Jun-99,22.5,-0.9,25.8,-0.9,26.7,-1.1,28,-0.8
9-Jun-99,22.4,-0.8,25.8,-0.7,26.6,-1.1,27.9,-0.9
16-Jun-99,21.6,-1.2,25.6,-0.9,26.6,-1.1,28,-0.9
23-Jun-99,21.3,-1.2,25.4,-0.8,26.5,-1,28,-0.8
30-Jun-99,21.3,-1,25.3,-0.8,26.6,-0.8,28.1,-0.7
7-Jul-99,20.4,-1.5,25.2,-0.7,26.6,-0.7,28.1,-0.7
14-Jul-99,20.4,-1.3,24.9,-0.7,26.4,-0.8,27.8,-1
21-Jul-99,20.3,-1.1,24.8,-0.7,26.2,-0.9,27.8,-1
28-Jul-99,20.2,-1,24.4,-1,26,-1,27.8,-0.9
4-Aug-99,20.2,-0.8,24.3,-0.9,26,-1,27.8,-0.9
11-Aug-99,19.7,-1.1,24.1,-1,25.6,-1.3,27.7,-1
18-Aug-99,19.5,-1.1,23.9,-1.1,25.4,-1.4,27.8,-0.9
25-Aug-99,19.7,-0.9,24,-1,25.5,-1.3,27.6,-1.1
1-Sep-99,19.5,-1,23.6,-1.3,25.4,-1.4,27.6,-1
8-Sep-99,19.2,-1.2,23.7,-1.2,25.7,-1.1,27.7,-0.9
15-Sep-99,18.9,-1.5,23.6,-1.3,25.7,-1,27.7,-0.9
22-Sep-99,19.3,-1.2,23.8,-1.1,25.8,-0.9,27.9,-0.7
29-Sep-99,19.5,-1.1,24,-0.8,25.9,-0.8,27.8,-0.8
6-Oct-99,19.7,-0.9,23.6,-1.3,25.7,-1,27.9,-0.8
13-Oct-99,20.1,-0.7,23.7,-1.2,25.8,-0.9,28,-0.6
20-Oct-99,20,-1,23.7,-1.2,25.6,-1,27.8,-0.9
27-Oct-99,20.6,-0.5,23.8,-1.1,25.4,-1.3,27.7,-1
3-Nov-99,20.1,-1.2,23.6,-1.3,25.4,-1.3,27.6,-1
10-Nov-99,20.1,-1.3,23.7,-1.2,25.4,-1.3,27.5,-1.1
17-Nov-99,20.6,-1,23.5,-1.5,25.2,-1.5,27.6,-1
24-Nov-99,20.9,-1.1,23.1,-1.9,24.7,-1.9,27.4,-1.1
1-Dec-99,21,-1.2,23.1,-1.9,24.9,-1.7,27.3,-1.2
8-Dec-99,21.1,-1.4,23.6,-1.5,25.1,-1.4,27.3,-1.2
15-Dec-99,21.3,-1.4,23.4,-1.7,24.9,-1.7,27.1,-1.4
22-Dec-99,22,-1.1,23.8,-1.4,24.9,-1.6,27.1,-1.3
29-Dec-99,23,-0.5,23.6,-1.8,24.6,-1.9,27.2,-1.2
5-Jan-00,23.2,-0.6,23.4,-2.1,24.5,-2,27,-1.3
12-Jan-00,23.8,-0.4,23.9,-1.7,24.7,-1.9,26.9,-1.4
19-Jan-00,23.7,-0.9,24,-1.7,24.8,-1.8,26.9,-1.4
26-Jan-00,24,-1,24,-1.8,24.6,-2,26.9,-1.3
2-Feb-00,25,-0.4,24.7,-1.3,24.8,-1.9,26.7,-1.5
9-Feb-00,25.1,-0.7,25.3,-0.9,25.1,-1.6,26.6,-1.5
16-Feb-00,25.6,-0.5,25.5,-0.9,25.4,-1.4,26.7,-1.4
23-Feb-00,26.2,0,25.4,-1.2,25.2,-1.6,26.6,-1.5
1-Mar-00,26.4,0.1,25.7,-1,25.5,-1.5,26.5,-1.6
8-Mar-00,26.6,0.2,26.2,-0.8,25.7,-1.4,26.6,-1.5
15-Mar-00,26.2,-0.3,26.5,-0.6,26,-1.2,26.7,-1.5
22-Mar-00,25.3,-1,26.9,-0.3,26.3,-1.1,26.7,-1.5
29-Mar-00,25.6,-0.5,27.5,0.2,26.8,-0.7,27,-1.3
5-Apr-00,25.7,-0.1,27.6,0.2,27,-0.6,27.2,-1.2
12-Apr-00,26.1,0.5,27.4,-0.1,26.9,-0.8,27.3,-1.2
19-Apr-00,25.6,0.3,27.5,0,27,-0.8,27.4,-1.1
26-Apr-00,25.3,0.3,27.5,0.1,27.1,-0.7,27.5,-1
3-May-00,24.9,0.2,27.3,0,27.1,-0.7,27.5,-1.1
10-May-00,24.3,-0.1,27.2,0,27.1,-0.7,27.7,-1
17-May-00,23.9,-0.3,26.6,-0.4,27.1,-0.8,27.8,-1
24-May-00,23.2,-0.6,26.4,-0.5,27.1,-0.7,28,-0.8
31-May-00,23.2,-0.3,26.3,-0.4,27.2,-0.5,28.1,-0.7
7-Jun-00,22.6,-0.6,26,-0.7,27,-0.7,28,-0.8
14-Jun-00,22.4,-0.5,25.9,-0.6,27.1,-0.6,28.1,-0.7
21-Jun-00,21.7,-0.9,25.8,-0.5,27,-0.6,28.2,-0.7
28-Jun-00,21.4,-0.9,25.5,-0.6,26.9,-0.6,28,-0.8
5-Jul-00,21,-1,25.6,-0.3,26.9,-0.5,28,-0.8
12-Jul-00,20.6,-1.2,25.2,-0.5,26.8,-0.5,28.1,-0.7
19-Jul-00,20.3,-1.2,24.9,-0.6,26.7,-0.5,28.2,-0.5
26-Jul-00,20.2,-1.1,24.9,-0.5,26.5,-0.6,28.3,-0.4
2-Aug-00,20.2,-0.8,24.7,-0.5,26.6,-0.4,28.4,-0.3
9-Aug-00,20.1,-0.8,24.5,-0.6,26.6,-0.3,28.4,-0.3
16-Aug-00,20.5,-0.2,24.4,-0.6,26.4,-0.4,28.3,-0.3
23-Aug-00,20.1,-0.5,24.3,-0.7,26.3,-0.5,28.1,-0.5
30-Aug-00,19.3,-1.2,24.5,-0.4,26.4,-0.4,28.2,-0.4
6-Sep-00,20.2,-0.3,24.4,-0.4,26.3,-0.5,28.4,-0.2
13-Sep-00,19.7,-0.7,24.3,-0.6,26.1,-0.6,28.4,-0.2
20-Sep-00,20.1,-0.3,24.2,-0.6,26.1,-0.6,28.5,-0.2
27-Sep-00,19.9,-0.6,24.4,-0.5,26.3,-0.4,28.4,-0.3
4-Oct-00,20.2,-0.5,24.7,-0.2,26.1,-0.6,28.1,-0.5
11-Oct-00,20.2,-0.5,24.4,-0.5,26,-0.6,28.2,-0.4
18-Oct-00,20.5,-0.3,24.3,-0.6,25.9,-0.8,28.1,-0.5
25-Oct-00,20.7,-0.4,24.3,-0.6,25.9,-0.8,28.1,-0.6
1-Nov-00,20.6,-0.6,24.2,-0.8,25.6,-1.1,28,-0.6
8-Nov-00,20.6,-0.8,24,-1,25.6,-1.1,28.1,-0.6
15-Nov-00,20.3,-1.3,24.2,-0.7,25.9,-0.7,28.2,-0.4
22-Nov-00,20.2,-1.7,24.1,-0.9,25.9,-0.7,28.1,-0.5
29-Nov-00,21.4,-0.7,24.4,-0.6,25.9,-0.7,27.8,-0.7
6-Dec-00,21.8,-0.6,24.4,-0.7,25.6,-1,27.5,-1.1
13-Dec-00,22.4,-0.2,24.5,-0.6,25.6,-1,27.6,-0.9
20-Dec-00,22.4,-0.6,24.4,-0.8,25.6,-1,27.6,-0.8
27-Dec-00,22.2,-1.2,24.4,-1,25.5,-1,27.5,-0.9
3-Jan-01,22.8,-0.9,24.5,-0.9,25.6,-1,27.5,-0.8
10-Jan-01,23.3,-0.8,24.7,-0.8,25.6,-1,27.5,-0.9
17-Jan-01,23.7,-0.8,25.1,-0.6,25.8,-0.8,27.5,-0.8
24-Jan-01,24.6,-0.3,25.3,-0.5,25.9,-0.8,27.4,-0.8
31-Jan-01,25.2,0,25.4,-0.6,26,-0.7,27.3,-0.9
7-Feb-01,25.6,-0.1,25.8,-0.4,25.9,-0.8,27.1,-1
14-Feb-01,25.6,-0.4,25.9,-0.5,26,-0.7,27.2,-0.9
21-Feb-01,26,-0.2,26.4,-0.1,26.3,-0.6,27.3,-0.8
28-Feb-01,26.7,0.4,26.7,0,26.4,-0.5,27.4,-0.8
7-Mar-01,27.2,0.8,27.1,0.2,26.6,-0.5,27.4,-0.7
14-Mar-01,27.3,0.8,27.2,0.1,26.8,-0.4,27.6,-0.6
21-Mar-01,27.6,1.3,27.4,0.2,27.1,-0.2,27.7,-0.6
28-Mar-01,27.7,1.6,27.4,0.2,27,-0.4,27.8,-0.5
4-Apr-01,27.3,1.5,27.6,0.2,27.3,-0.3,27.9,-0.4
11-Apr-01,27.2,1.6,27.7,0.3,27.6,-0.1,28.1,-0.3
18-Apr-01,26.2,0.8,27.7,0.2,27.7,-0.1,28.3,-0.2
25-Apr-01,25.9,0.8,27.2,-0.1,27.6,-0.2,28.2,-0.3
2-May-01,24.2,-0.6,27.1,-0.2,27.5,-0.3,28.3,-0.3
9-May-01,23.9,-0.6,27,-0.1,27.6,-0.2,28.6,-0.1
16-May-01,23.6,-0.6,26.7,-0.4,27.5,-0.3,28.6,-0.1
23-May-01,23.3,-0.6,26.9,-0.1,27.7,-0.1,28.8,0
30-May-01,23.1,-0.5,26.7,0,27.7,-0.1,28.8,0
6-Jun-01,22.1,-1.2,26.7,0.1,27.8,0.1,28.8,0
13-Jun-01,21.7,-1.3,26.3,-0.1,27.7,0,28.8,0
20-Jun-01,21.5,-1.2,26.4,0,27.7,0.1,28.8,-0.1
27-Jun-01,20.7,-1.6,25.9,-0.2,27.6,0.1,28.9,0.1
4-Jul-01,20.7,-1.4,25.6,-0.3,27.5,0.1,29,0.2
11-Jul-01,21.2,-0.6,25.5,-0.2,27.4,0.1,29,0.2
18-Jul-01,20.9,-0.7,25.5,-0.1,27.3,0.1,29.1,0.3
25-Jul-01,20.7,-0.6,25.2,-0.2,27.2,0.1,29.1,0.3
1-Aug-01,20.3,-0.8,25,-0.3,27.2,0.1,29.1,0.4
8-Aug-01,20.1,-0.8,25,-0.1,27,0.1,28.9,0.2
15-Aug-01,19.8,-0.9,24.7,-0.3,26.8,0,28.9,0.2
22-Aug-01,19.8,-0.8,24.6,-0.3,26.8,0,28.9,0.2
29-Aug-01,19.7,-0.9,24.3,-0.6,26.6,-0.2,29,0.4
5-Sep-01,19.6,-0.8,24.4,-0.5,26.6,-0.1,29.2,0.5
12-Sep-01,19.1,-1.3,24.2,-0.7,26.6,-0.2,29.1,0.4
19-Sep-01,19.4,-1,24.2,-0.6,26.5,-0.2,29.2,0.5
26-Sep-01,19.6,-0.9,24.3,-0.6,26.5,-0.2,29.1,0.4
3-Oct-01,19.2,-1.4,24.4,-0.5,26.5,-0.2,28.9,0.3
10-Oct-01,19.6,-1.1,24.4,-0.5,26.5,-0.2,29,0.4
17-Oct-01,19.4,-1.4,24.5,-0.4,26.6,0,29,0.3
24-Oct-01,19.6,-1.4,24.5,-0.4,26.6,0,29.1,0.4
31-Oct-01,19.9,-1.3,24.5,-0.5,26.6,0,28.9,0.3
7-Nov-01,20.3,-1.1,24.3,-0.7,26.6,-0.1,29.1,0.5
14-Nov-01,20.1,-1.5,24.3,-0.7,26.5,-0.1,29,0.4
21-Nov-01,20.6,-1.2,24.3,-0.7,26.3,-0.3,28.8,0.2
28-Nov-01,21.4,-0.7,24.4,-0.6,26.3,-0.3,28.7,0.2
5-Dec-01,21.4,-1,24.5,-0.6,26.1,-0.5,28.6,0.1
12-Dec-01,21.6,-1.1,24.5,-0.7,26.1,-0.4,28.6,0.1
19-Dec-01,22,-0.9,24.6,-0.5,26.2,-0.4,28.5,0
26-Dec-01,22.5,-0.8,24.8,-0.5,26.2,-0.3,28.6,0.2
2-Jan-02,23.2,-0.5,24.8,-0.7,26.2,-0.4,28.6,0.2
9-Jan-02,23.3,-0.8,25,-0.5,26.5,-0.1,28.8,0.5
16-Jan-02,23.5,-1,25,-0.7,26.4,-0.1,28.9,0.6
23-Jan-02,23.8,-1.1,25.3,-0.5,26.6,0,28.9,0.6
30-Jan-02,24.3,-0.9,25.5,-0.5,26.7,0.1,28.7,0.6
6-Feb-02,25.4,-0.2,26,-0.2,26.9,0.3,28.8,0.7
13-Feb-02,25.9,-0.1,26.2,-0.2,27,0.3,28.9,0.8
20-Feb-02,26.3,0.1,26.4,-0.1,26.8,0,28.6,0.5
27-Feb-02,27.4,1.1,26.7,0,27.1,0.1,28.6,0.5
6-Mar-02,27.1,0.8,27.1,0.2,27.2,0.1,28.5,0.4
13-Mar-02,27.6,1.2,27.2,0.1,27.3,0.1,28.6,0.4
20-Mar-02,27.8,1.4,27.3,0.1,27.4,0.1,28.8,0.6
27-Mar-02,27.4,1.3,27.4,0.2,27.4,0,28.7,0.5
3-Apr-02,27.1,1.2,27.6,0.2,27.7,0.2,28.8,0.5
10-Apr-02,27.1,1.5,27.8,0.4,28,0.3,29,0.6
17-Apr-02,26.3,0.9,27.6,0.1,27.9,0.2,29.1,0.6
24-Apr-02,25.4,0.3,27.3,0,28,0.2,29.3,0.7
1-May-02,25.4,0.6,27.4,0.1,28,0.2,29.2,0.6
8-May-02,25,0.5,27.3,0.1,28,0.2,29.2,0.5
15-May-02,24.5,0.2,27.2,0.1,28,0.1,29.4,0.6
22-May-02,24.4,0.5,27.1,0.2,28.3,0.4,29.6,0.8
29-May-02,24.5,0.9,27.4,0.5,28.4,0.7,29.7,0.9
5-Jun-02,23.5,0.2,27.3,0.6,28.6,0.9,29.8,1
12-Jun-02,22.7,-0.3,27.1,0.6,28.6,0.9,29.7,0.9
19-Jun-02,22.1,-0.6,27,0.6,28.4,0.8,29.6,0.8
26-Jun-02,22,-0.4,26.9,0.8,28.2,0.7,29.4,0.6
3-Jul-02,21.8,-0.3,26.6,0.6,28,0.6,29.4,0.6
10-Jul-02,21.1,-0.8,26.3,0.5,28,0.7,29.4,0.6
17-Jul-02,21.2,-0.4,26,0.4,28,0.8,29.5,0.7
24-Jul-02,20.5,-0.8,25.7,0.2,27.9,0.8,29.5,0.8
31-Jul-02,20.3,-0.8,25.5,0.2,27.9,0.9,29.6,0.9
7-Aug-02,20,-0.9,25.3,0.1,27.8,0.9,29.4,0.7
14-Aug-02,20.3,-0.4,25.5,0.5,27.8,0.9,29.4,0.7
21-Aug-02,19.8,-0.8,25.5,0.5,27.8,1,29.3,0.7
28-Aug-02,19.8,-0.7,25.6,0.7,27.8,1,29.4,0.7
4-Sep-02,19.3,-1.2,25.4,0.5,27.7,0.9,29.3,0.7
11-Sep-02,20.2,-0.2,25.5,0.6,27.8,1,29.4,0.7
18-Sep-02,20.1,-0.3,25.5,0.7,27.9,1.2,29.5,0.9
25-Sep-02,20.1,-0.4,25.7,0.8,27.9,1.2,29.5,0.8
2-Oct-02,20.1,-0.5,25.7,0.8,28,1.3,29.5,0.8
9-Oct-02,20.7,0,25.6,0.7,27.9,1.2,29.4,0.7
16-Oct-02,21.7,0.9,25.7,0.8,27.9,1.2,29.4,0.7
23-Oct-02,21.6,0.6,26,1.1,28.2,1.6,29.8,1.2
30-Oct-02,21.9,0.7,26.3,1.4,28.3,1.7,29.9,1.2
6-Nov-02,22,0.6,26.2,1.3,28.2,1.6,29.8,1.2
13-Nov-02,21.9,0.4,26.3,1.4,28.3,1.7,29.9,1.3
20-Nov-02,22.5,0.7,26.5,1.5,28.3,1.7,29.9,1.3
27-Nov-02,22.6,0.6,26.4,1.4,28.2,1.6,29.7,1.2
4-Dec-02,23,0.7,26.6,1.6,28.2,1.6,29.6,1
11-Dec-02,23.5,0.9,26.5,1.4,28.1,1.5,29.4,1
18-Dec-02,23.3,0.4,26.5,1.3,28.1,1.5,29.4,1
25-Dec-02,23.5,0.2,26.3,1,28,1.4,29.5,1.1
1-Jan-03,24.2,0.6,26.6,1.2,28.1,1.5,29.4,1.1
8-Jan-03,23.9,-0.1,26.3,0.8,27.9,1.3,29.2,0.9
15-Jan-03,24.1,-0.3,26.3,0.7,27.7,1.2,29.3,1
22-Jan-03,24.4,-0.4,26.5,0.7,27.7,1.1,29.3,1
29-Jan-03,24.9,-0.3,26.3,0.3,27.5,0.8,29.1,0.9
5-Feb-03,25.3,-0.3,26.4,0.3,27.3,0.6,28.9,0.7
12-Feb-03,25.7,-0.3,26.6,0.3,27.4,0.7,28.9,0.9
19-Feb-03,26.2,0,27,0.6,27.7,0.9,29.1,1
26-Feb-03,26,-0.3,26.8,0.1,27.6,0.7,29.2,1.1
5-Mar-03,25.7,-0.7,27,0.2,27.6,0.6,29,0.9
12-Mar-03,25.7,-0.8,27.2,0.1,27.7,0.6,29,0.8
19-Mar-03,26.5,0.1,27.6,0.4,28,0.8,29.1,0.9
26-Mar-03,25.5,-0.7,27.4,0.2,27.9,0.5,29,0.7
2-Apr-03,25.7,-0.3,27.2,-0.1,27.8,0.3,28.9,0.6
9-Apr-03,24.8,-0.9,27.3,-0.1,27.8,0.2,29,0.6
16-Apr-03,24.3,-1.1,27.3,-0.2,27.9,0.1,28.9,0.5
23-Apr-03,23.6,-1.6,27.2,-0.2,27.8,0,28.9,0.4
30-Apr-03,23.2,-1.6,26.5,-0.8,27.7,-0.1,28.9,0.3
7-May-03,23,-1.6,26.3,-0.9,27.4,-0.4,28.9,0.2
14-May-03,22.5,-1.8,26.2,-0.9,27.3,-0.5,28.8,0.1
21-May-03,22.3,-1.7,26,-1,27.3,-0.6,28.8,0.1
28-May-03,22,-1.6,26,-0.9,27.4,-0.4,29,0.2
4-Jun-03,21.9,-1.4,25.7,-0.9,27.4,-0.3,29,0.2
11-Jun-03,21.6,-1.5,25.7,-0.8,27.4,-0.2,29.1,0.2
18-Jun-03,21.1,-1.6,25.9,-0.5,27.5,-0.1,29.1,0.3
25-Jun-03,21.6,-0.8,25.9,-0.2,27.6,0,29.1,0.3
2-Jul-03,21.4,-0.7,25.9,-0.1,27.5,0.1,29.2,0.4
9-Jul-03,21.1,-0.8,25.9,0,27.6,0.3,29.2,0.4
16-Jul-03,20.8,-0.8,25.8,0.1,27.5,0.3,29.1,0.3
23-Jul-03,20.2,-1.2,25.7,0.2,27.3,0.2,29.1,0.3
30-Jul-03,20.3,-0.9,25.5,0.2,27.1,0.1,29,0.3
6-Aug-03,20.2,-0.8,25.3,0.1,27,0,29,0.3
13-Aug-03,20,-0.8,25,0,26.9,0.1,29.1,0.5
20-Aug-03,20.6,0,24.9,-0.1,26.7,-0.1,29,0.4
27-Aug-03,20,-0.5,24.8,-0.2,26.7,-0.1,29,0.3
3-Sep-03,20.4,-0.1,25,0.1,26.9,0.1,29,0.3
10-Sep-03,19.9,-0.5,24.8,-0.1,26.8,0,28.9,0.2
17-Sep-03,19.5,-0.8,25,0.1,26.9,0.2,28.9,0.3
24-Sep-03,20.5,0,25,0.2,27.1,0.4,29.1,0.5
1-Oct-03,20.1,-0.5,25.3,0.4,27.3,0.6,29.1,0.4
8-Oct-03,20.9,0.2,25.5,0.6,27.4,0.7,29.1,0.5
15-Oct-03,20.9,0.1,25.2,0.3,27.1,0.4,29.1,0.5
22-Oct-03,21.5,0.6,25.3,0.3,27.1,0.4,29.3,0.6
29-Oct-03,21.4,0.3,25.4,0.4,27.2,0.5,29.3,0.7
5-Nov-03,21.6,0.3,25.3,0.4,27,0.4,29.4,0.7
12-Nov-03,21.8,0.3,25.3,0.4,26.9,0.3,29.3,0.7
19-Nov-03,22,0.3,25.4,0.4,27.1,0.4,29.3,0.7
26-Nov-03,22.3,0.3,25.5,0.5,27.2,0.5,29.2,0.6
3-Dec-03,22.5,0.2,25.6,0.5,27.1,0.5,29.2,0.6
10-Dec-03,22.9,0.3,25.5,0.4,27,0.4,29.1,0.6
17-Dec-03,23,0.1,25.4,0.3,26.8,0.3,29,0.5
24-Dec-03,23,-0.2,25.6,0.3,26.8,0.2,28.9,0.4
31-Dec-03,23.8,0.2,25.7,0.4,26.7,0.1,28.7,0.4
7-Jan-04,24.2,0.2,25.7,0.2,26.6,0,28.7,0.3
14-Jan-04,24.6,0.2,25.9,0.3,26.6,0,28.9,0.6
21-Jan-04,24.8,0,26,0.3,27,0.4,28.9,0.7
28-Jan-04,24.7,-0.4,26.1,0.1,26.9,0.2,28.8,0.6
4-Feb-04,25,-0.5,26,-0.1,26.8,0.1,28.7,0.6
11-Feb-04,25.4,-0.5,26.4,0.1,26.8,0.1,28.5,0.4
18-Feb-04,26.1,0,26.7,0.2,26.9,0.1,28.5,0.4
25-Feb-04,26.3,0.1,26.7,0.1,27,0.1,28.5,0.4
3-Mar-04,25.8,-0.6,26.7,-0.1,26.9,-0.1,28.5,0.4
10-Mar-04,25.4,-1,27.1,0.1,26.9,-0.2,28.3,0.1
17-Mar-04,25.6,-0.8,27.4,0.2,27.1,-0.1,28.3,0.1
24-Mar-04,26,-0.3,27.4,0.1,27.3,-0.1,28.4,0.2
31-Mar-04,26.1,0.1,27.4,0.1,27.5,0,28.5,0.2
7-Apr-04,26,0.2,27.4,0,27.7,0.1,28.6,0.2
14-Apr-04,25.2,-0.3,27.4,0,27.8,0.1,28.7,0.2
21-Apr-04,24.8,-0.4,27.4,0,28,0.2,28.8,0.3
28-Apr-04,24.1,-0.9,27.2,-0.1,28.1,0.3,28.9,0.3
5-May-04,23.6,-1,26.7,-0.5,27.9,0.1,29,0.3
12-May-04,23.1,-1.3,26.6,-0.6,28,0.1,29,0.3
19-May-04,22.8,-1.3,26.8,-0.3,28.2,0.4,29.2,0.4
26-May-04,22.7,-1,26.7,-0.2,28.1,0.3,29.4,0.6
2-Jun-04,22.1,-1.4,26.7,0,28.1,0.3,29.2,0.4
9-Jun-04,21.7,-1.4,26.6,0,28,0.3,29.2,0.4
16-Jun-04,21.5,-1.3,26.4,-0.1,27.8,0.1,29.2,0.4
23-Jun-04,21.3,-1.2,26,-0.3,27.5,0,29.1,0.2
30-Jun-04,21,-1.2,25.6,-0.4,27.3,-0.1,29.1,0.3
7-Jul-04,20.8,-1.2,25.4,-0.4,27.6,0.3,29.4,0.6
14-Jul-04,20.9,-0.8,25.5,-0.2,27.7,0.4,29.4,0.6
21-Jul-04,20.7,-0.7,25.2,-0.3,27.7,0.6,29.4,0.7
28-Jul-04,20.3,-0.9,25.4,0,27.9,0.8,29.4,0.6
4-Aug-04,19.9,-1.1,25.2,0,27.8,0.8,29.4,0.7
11-Aug-04,19.7,-1.1,25.1,0,27.6,0.7,29.2,0.6
18-Aug-04,19.6,-1,24.9,0,27.4,0.6,29.2,0.5
25-Aug-04,19.2,-1.4,24.9,0,27.4,0.7,29.3,0.7
1-Sep-04,20.1,-0.4,25,0.1,27.4,0.7,29.6,0.9
8-Sep-04,19.8,-0.6,25,0.1,27.4,0.6,29.6,0.9
15-Sep-04,19.8,-0.5,25.1,0.3,27.5,0.7,29.6,0.9
22-Sep-04,20.4,-0.1,25.3,0.4,27.6,0.9,29.6,0.9
29-Sep-04,20.5,-0.1,25.4,0.5,27.5,0.8,29.5,0.8
6-Oct-04,20.8,0.1,25.2,0.4,27.4,0.7,29.5,0.8
13-Oct-04,20.5,-0.2,25.2,0.3,27.3,0.6,29.4,0.8
20-Oct-04,21.4,0.5,25.4,0.5,27.4,0.7,29.6,1
27-Oct-04,21.3,0.2,25.4,0.5,27.4,0.7,29.7,1
3-Nov-04,21.5,0.3,25.4,0.5,27.3,0.6,29.6,1
10-Nov-04,22,0.5,25.5,0.5,27.3,0.6,29.5,0.9
17-Nov-04,22.2,0.5,25.5,0.5,27.3,0.7,29.6,1
24-Nov-04,21.9,0,25.4,0.4,27.3,0.7,29.5,1
1-Dec-04,22.4,0.2,25.6,0.6,27.4,0.8,29.4,0.9
8-Dec-04,22.3,-0.2,25.7,0.6,27.4,0.8,29.4,0.8
15-Dec-04,22.9,0.2,25.8,0.6,27.3,0.7,29.2,0.8
22-Dec-04,22.9,-0.2,25.9,0.6,27.3,0.7,29.5,1.1
29-Dec-04,23.6,0.2,25.8,0.5,27.2,0.6,29.5,1.1
5-Jan-05,23.7,-0.2,25.7,0.3,27.1,0.5,29.3,0.9
12-Jan-05,24.2,0,25.9,0.3,27.1,0.5,29.2,0.9
19-Jan-05,25,0.3,26,0.3,27.1,0.5,29.2,0.9
26-Jan-05,24.9,-0.1,26,0.1,27.1,0.5,29.2,1
2-Feb-05,24.6,-0.8,25.9,-0.2,26.9,0.2,29,0.8
9-Feb-05,25.1,-0.6,26.2,-0.1,27,0.3,28.8,0.7
16-Feb-05,25.8,-0.3,26.4,0,27,0.3,28.8,0.7
23-Feb-05,25.7,-0.5,26.3,-0.3,27,0.1,28.7,0.6
2-Mar-05,25.2,-1.1,26.2,-0.6,27,0,28.8,0.6
9-Mar-05,25.9,-0.5,26.7,-0.2,27.2,0.1,28.8,0.6
16-Mar-05,25.9,-0.6,27.3,0.2,27.6,0.4,29,0.8
23-Mar-05,25,-1.3,27.3,0,27.9,0.5,28.9,0.7
30-Mar-05,24.9,-1.1,27.4,0.1,28,0.5,29,0.7
6-Apr-05,24.8,-1,27.4,0,28,0.4,28.9,0.5
13-Apr-05,24.6,-0.9,27.7,0.2,27.9,0.1,28.8,0.3
20-Apr-05,24.8,-0.5,27.9,0.5,28.2,0.4,28.9,0.4
27-Apr-05,25.4,0.4,28.1,0.8,28.3,0.5,29.1,0.5
4-May-05,25.2,0.5,28.1,0.9,28.3,0.4,29.1,0.4
11-May-05,24.6,0.2,27.6,0.5,28.2,0.4,29.1,0.3
18-May-05,24.5,0.4,27.4,0.3,28.2,0.4,29.3,0.5
25-May-05,23.5,-0.3,27.1,0.2,28.2,0.4,29.2,0.4
1-Jun-05,23,-0.5,26.8,0,28.1,0.3,29.2,0.4
8-Jun-05,22.6,-0.5,26.9,0.3,28.1,0.4,29.2,0.4
15-Jun-05,22.3,-0.5,26.8,0.3,28.1,0.4,29.2,0.4
22-Jun-05,22.2,-0.3,26.9,0.6,28,0.5,29.1,0.3
29-Jun-05,21.6,-0.7,26.7,0.6,28,0.5,29.1,0.3
6-Jul-05,21.5,-0.5,26.3,0.4,27.8,0.4,29.2,0.4
13-Jul-05,21.5,-0.3,26.2,0.5,27.6,0.3,29.1,0.3
20-Jul-05,20.7,-0.8,25.8,0.2,27.3,0.2,29,0.2
27-Jul-05,20.8,-0.5,25.4,0,27.1,0.1,28.9,0.1
3-Aug-05,20.8,-0.2,25.2,-0.1,26.9,-0.1,28.8,0.1
10-Aug-05,20.6,-0.2,25.2,0.1,26.9,0,28.7,0
17-Aug-05,20.4,-0.2,25.4,0.4,27,0.2,28.9,0.2
24-Aug-05,20.8,0.3,25.2,0.3,26.9,0.1,28.9,0.3
31-Aug-05,20.4,-0.1,24.8,-0.1,26.7,-0.1,28.9,0.2
7-Sep-05,20,-0.5,24.5,-0.3,26.5,-0.3,28.7,0.1
14-Sep-05,19.7,-0.7,24.5,-0.4,26.4,-0.3,28.7,0
21-Sep-05,19.6,-0.9,24.7,-0.2,26.8,0.1,28.9,0.3
28-Sep-05,19.6,-0.9,24.5,-0.4,26.7,0,28.9,0.3
5-Oct-05,19.4,-1.2,24.6,-0.3,26.9,0.2,29,0.3
12-Oct-05,20,-0.8,24.9,0,26.9,0.2,28.9,0.3
19-Oct-05,19.8,-1.1,24.7,-0.2,26.7,0,28.8,0.2
26-Oct-05,19.9,-1.2,24.7,-0.2,26.6,-0.1,28.8,0.1
2-Nov-05,19.8,-1.4,24.3,-0.7,26.5,-0.2,28.7,0.1
9-Nov-05,20.2,-1.2,24.2,-0.7,26.3,-0.4,28.6,0
16-Nov-05,21,-0.6,24.3,-0.7,26.5,-0.2,28.6,0
23-Nov-05,21.2,-0.7,24.3,-0.7,26.3,-0.3,28.7,0.1
30-Nov-05,21.2,-0.9,24.2,-0.9,26.1,-0.5,28.6,0.1
7-Dec-05,21.4,-1.1,24.1,-1,26,-0.6,28.6,0
14-Dec-05,21.8,-0.9,24,-1.1,25.8,-0.7,28.5,0
21-Dec-05,23.1,0.1,24.3,-0.9,25.8,-0.8,28.1,-0.3
28-Dec-05,23.3,-0.2,24.7,-0.6,25.9,-0.7,28,-0.4
4-Jan-06,23.4,-0.4,25,-0.5,25.8,-0.7,27.9,-0.5
11-Jan-06,24.2,0,25,-0.6,25.7,-0.9,27.8,-0.5
18-Jan-06,24.3,-0.2,24.8,-0.9,25.5,-1.1,27.6,-0.7
25-Jan-06,24.8,-0.1,25.1,-0.8,25.5,-1.1,27.4,-0.8
1-Feb-06,25,-0.3,25.5,-0.6,25.8,-0.9,27.4,-0.7
8-Feb-06,25.9,0.2,25.8,-0.4,26,-0.7,27.3,-0.9
15-Feb-06,27.1,1,26.3,0,26.1,-0.6,27.3,-0.8
22-Feb-06,26.8,0.6,26.4,-0.2,26.3,-0.5,27.4,-0.7
1-Mar-06,27,0.7,26.2,-0.6,26.1,-0.9,27.4,-0.7
8-Mar-06,26.9,0.5,26.5,-0.4,26.4,-0.7,27.6,-0.6
15-Mar-06,26.7,0.2,26.5,-0.6,26.5,-0.7,27.7,-0.5
22-Mar-06,26.6,0.3,26.6,-0.6,26.7,-0.6,28,-0.3
29-Mar-06,26,-0.1,26.8,-0.5,27,-0.5,28.1,-0.2
5-Apr-06,24.9,-0.9,27.1,-0.3,27.3,-0.3,28.1,-0.2
12-Apr-06,24,-1.5,27.6,0.1,27.7,0,28.3,-0.1
19-Apr-06,23.4,-2,27.2,-0.2,27.7,-0.1,28.4,-0.1
26-Apr-06,23.1,-1.9,27.2,-0.2,27.7,-0.1,28.5,0
3-May-06,23.9,-0.8,27.2,-0.1,27.7,-0.1,28.6,-0.1
10-May-06,24.1,-0.4,27.1,0,27.8,0,28.8,0.1
17-May-06,23.8,-0.3,27.1,0,28.1,0.2,29.1,0.3
24-May-06,23.5,-0.3,26.9,0,28,0.2,29,0.2
31-May-06,23.4,-0.1,26.8,0,28,0.3,29.2,0.4
7-Jun-06,22.6,-0.6,26.6,0,28,0.3,29.2,0.4
14-Jun-06,22.8,-0.1,26.5,0.1,27.9,0.3,29.2,0.3
21-Jun-06,22.5,-0.1,26.3,0,27.8,0.2,29.2,0.3
28-Jun-06,22.4,0,26.1,0,27.6,0.1,29,0.2
5-Jul-06,22.2,0.1,26,0.1,27.5,0.1,29,0.1
12-Jul-06,22,0.2,25.8,0,27.3,0,29,0.2
19-Jul-06,22.3,0.8,25.8,0.2,27.3,0.1,29.1,0.3
26-Jul-06,22,0.7,25.7,0.3,27.3,0.2,29.2,0.4
2-Aug-06,21.9,0.8,25.5,0.3,27.2,0.2,29.2,0.5
9-Aug-06,21.7,0.8,25.3,0.2,27.1,0.2,29.1,0.4
16-Aug-06,21.6,0.9,25.4,0.4,27.2,0.4,29.2,0.6
23-Aug-06,21.5,1,25.5,0.5,27.3,0.5,29.3,0.6
30-Aug-06,21.1,0.6,25.6,0.6,27.3,0.5,29.3,0.7
6-Sep-06,21.6,1.2,25.6,0.7,27.4,0.6,29.4,0.8
13-Sep-06,21.3,0.9,25.8,0.9,27.3,0.6,29.4,0.7
20-Sep-06,21.2,0.8,25.9,1.1,27.4,0.7,29.4,0.8
27-Sep-06,21.7,1.1,25.7,0.8,27.2,0.5,29.3,0.7
4-Oct-06,21.7,1,25.7,0.8,27.2,0.5,29.2,0.6
11-Oct-06,22.2,1.4,26.1,1.2,27.5,0.8,29.4,0.8
18-Oct-06,22.4,1.5,26,1.1,27.5,0.8,29.5,0.8
25-Oct-06,22.7,1.6,26.1,1.1,27.6,0.9,29.6,1
1-Nov-06,22.4,1.2,25.9,1,27.6,0.9,29.5,0.9
8-Nov-06,22.5,1.1,25.9,0.9,27.6,0.9,29.6,1
15-Nov-06,22.6,1,26.1,1.1,27.8,1.2,29.7,1.1
22-Nov-06,22.7,0.8,26.3,1.2,27.8,1.2,29.6,1.1
29-Nov-06,23,0.9,26.1,1.1,27.8,1.2,29.6,1
6-Dec-06,22.9,0.5,26.1,1.1,27.9,1.3,29.6,1.1
13-Dec-06,22.9,0.2,26.3,1.2,27.8,1.2,29.5,1
20-Dec-06,23.7,0.6,26.5,1.3,27.7,1.2,29.4,1
27-Dec-06,24,0.6,26.6,1.3,27.7,1.1,29.4,1
3-Jan-07,24.3,0.5,26.4,0.9,27.5,0.9,29.2,0.8
10-Jan-07,24.9,0.7,26.7,1.1,27.5,0.9,29.1,0.8
17-Jan-07,25,0.4,26.4,0.7,27.2,0.6,28.8,0.6
24-Jan-07,25.2,0.3,26.5,0.7,27.1,0.5,28.7,0.5
31-Jan-07,25.6,0.3,26.6,0.6,27,0.3,28.7,0.5
7-Feb-07,26,0.4,26.6,0.4,26.9,0.2,28.6,0.4
14-Feb-07,26.3,0.3,26.3,-0.1,26.7,0,28.6,0.6
21-Feb-07,26.4,0.3,26.4,-0.1,26.8,-0.1,28.6,0.5
28-Feb-07,25.7,-0.6,26.5,-0.3,26.9,0,28.5,0.4
7-Mar-07,25.8,-0.5,26.6,-0.3,26.9,-0.2,28.5,0.4
14-Mar-07,26,-0.5,27.3,0.2,27.3,0.1,28.6,0.4
21-Mar-07,25.6,-0.8,26.8,-0.4,27.2,-0.1,28.5,0.3
28-Mar-07,25.1,-1,26.6,-0.7,27.4,0,28.5,0.2
4-Apr-07,24.5,-1.4,26.7,-0.7,27.5,0,28.7,0.3
11-Apr-07,24.4,-1.2,27.2,-0.2,27.8,0.1,28.7,0.3
18-Apr-07,23.9,-1.4,27.4,-0.1,27.9,0.2,28.7,0.2
25-Apr-07,24.1,-1,27.3,-0.1,27.8,0,28.7,0.1
2-May-07,23.6,-1.2,26.9,-0.4,27.7,-0.1,28.6,0
9-May-07,23,-1.5,26.3,-0.9,27.4,-0.4,28.7,0
16-May-07,22.9,-1.3,26.3,-0.8,27.5,-0.4,28.8,0.1
23-May-07,22.3,-1.6,26.3,-0.6,27.7,-0.1,29,0.2
30-May-07,21.8,-1.8,26.1,-0.7,27.6,-0.2,29,0.2
6-Jun-07,21.6,-1.6,25.8,-0.9,27.6,-0.1,29,0.2
13-Jun-07,22.2,-0.7,26.1,-0.4,27.7,0.1,29.1,0.3
20-Jun-07,21.8,-0.8,25.9,-0.5,27.6,0,28.9,0.1
27-Jun-07,20.7,-1.7,25.5,-0.6,27.3,-0.1,28.8,0
4-Jul-07,21.2,-0.9,25.3,-0.6,27,-0.4,28.7,-0.1
11-Jul-07,20.1,-1.7,24.9,-0.9,26.8,-0.5,28.8,0
18-Jul-07,19.9,-1.7,24.8,-0.8,26.9,-0.3,28.9,0.1
25-Jul-07,20.3,-1,24.5,-1,26.6,-0.5,28.9,0.1
1-Aug-07,19.6,-1.5,24.1,-1.2,26.4,-0.6,28.7,0
8-Aug-07,19.3,-1.6,23.8,-1.3,26.2,-0.7,28.6,-0.1
15-Aug-07,19.7,-1,24,-1,26.3,-0.6,28.6,-0.1
22-Aug-07,19.2,-1.4,23.8,-1.2,26.1,-0.7,28.5,-0.1
29-Aug-07,18.4,-2.1,23.7,-1.3,26.1,-0.7,28.4,-0.2
5-Sep-07,19.4,-1.1,23.7,-1.2,26,-0.8,28.3,-0.4
12-Sep-07,18.6,-1.8,23.6,-1.3,25.8,-1,28,-0.6
19-Sep-07,18.5,-2,23.6,-1.2,25.8,-0.9,28,-0.7
26-Sep-07,18.4,-2.1,23.2,-1.7,25.6,-1.1,28,-0.7
3-Oct-07,18.3,-2.3,23.2,-1.7,25.4,-1.3,27.9,-0.7
10-Oct-07,18.8,-1.9,23.3,-1.6,24.9,-1.8,27.7,-1
17-Oct-07,18.6,-2.2,23.5,-1.4,25.3,-1.4,27.9,-0.7
24-Oct-07,19.2,-1.8,23.5,-1.4,25.3,-1.4,27.8,-0.8
31-Oct-07,19.7,-1.5,23.2,-1.8,25.2,-1.5,27.8,-0.8
7-Nov-07,19.3,-2.1,23,-2,25,-1.6,27.5,-1.1
14-Nov-07,19.2,-2.3,23.2,-1.7,25.2,-1.5,27.3,-1.3
21-Nov-07,19.8,-2,23.2,-1.8,24.9,-1.7,27.1,-1.5
28-Nov-07,19.8,-2.2,23.3,-1.8,25.1,-1.6,27.4,-1.1
5-Dec-07,20.6,-1.8,23.5,-1.5,25.1,-1.5,27.5,-1
12-Dec-07,20.3,-2.4,23.3,-1.8,24.9,-1.7,27.5,-1
19-Dec-07,21.3,-1.6,23.7,-1.5,25,-1.6,27.2,-1.3
26-Dec-07,21.9,-1.4,23.7,-1.6,24.9,-1.6,27,-1.4
2-Jan-08,22.6,-1.1,23.9,-1.5,25,-1.6,26.8,-1.6
9-Jan-08,23.3,-0.8,24,-1.5,24.8,-1.8,26.6,-1.7
16-Jan-08,24.1,-0.4,24,-1.6,24.6,-2,26.6,-1.7
23-Jan-08,24.1,-0.7,24.1,-1.7,24.4,-2.2,26.4,-1.8
30-Jan-08,25.1,-0.1,24.7,-1.3,24.9,-1.7,26.5,-1.7
6-Feb-08,25.9,0.3,24.8,-1.4,24.6,-2.1,26.4,-1.8
13-Feb-08,25.9,-0.1,24.7,-1.7,24.5,-2.2,26.4,-1.7
20-Feb-08,26.7,0.6,25.1,-1.4,24.9,-2,26.4,-1.7
27-Feb-08,27.2,0.9,25.8,-0.9,25.3,-1.6,26.3,-1.8
5-Mar-08,27.3,1,26.3,-0.6,25.7,-1.3,26.6,-1.5
12-Mar-08,27.2,0.7,26.5,-0.5,26,-1.1,26.7,-1.4
19-Mar-08,27.3,0.9,26.7,-0.5,26.2,-1.1,26.8,-1.4
26-Mar-08,27.1,0.9,26.8,-0.5,26.3,-1,27,-1.2
2-Apr-08,27.2,1.2,26.9,-0.4,26.5,-1,27.2,-1.2
9-Apr-08,25.9,0.2,27.3,-0.2,26.7,-1,27.3,-1.1
16-Apr-08,25.5,0,27.3,-0.2,26.9,-0.9,27.4,-1.1
23-Apr-08,25.5,0.4,27.1,-0.3,26.9,-0.9,27.5,-1.1
30-Apr-08,24.5,-0.3,27.3,0,27.1,-0.7,27.7,-0.9
7-May-08,24.1,-0.5,26.8,-0.4,27,-0.9,27.7,-1
14-May-08,24.5,0.2,27.1,-0.1,27.1,-0.7,27.8,-0.9
21-May-08,24.1,0.1,27.2,0.2,27.3,-0.5,28,-0.7
28-May-08,24.1,0.5,27.2,0.4,27.3,-0.5,28,-0.8
4-Jun-08,24,0.7,27,0.3,27.3,-0.4,28,-0.8
11-Jun-08,23.7,0.7,26.7,0.2,27.2,-0.5,28,-0.8
18-Jun-08,23.3,0.6,26.3,-0.1,27.1,-0.5,28.1,-0.8
25-Jun-08,23,0.6,26.2,0,27.1,-0.4,28.1,-0.7
2-Jul-08,22.7,0.5,26.3,0.4,27.2,-0.2,28.2,-0.6
9-Jul-08,22.7,0.8,26.3,0.5,27.3,-0.1,28.3,-0.5
16-Jul-08,22.7,1.1,26.2,0.5,27.3,0,28.3,-0.5
23-Jul-08,22.6,1.2,25.9,0.5,27.1,0,28.2,-0.6
30-Jul-08,22.2,1.1,25.9,0.5,27.1,0,28.2,-0.5
6-Aug-08,22,1.1,25.9,0.7,27,0.1,28.2,-0.5
13-Aug-08,22.5,1.8,25.8,0.8,27,0.2,28.2,-0.5
20-Aug-08,21.1,0.5,25.5,0.5,26.7,-0.1,28.1,-0.6
27-Aug-08,21.3,0.8,25.3,0.4,26.6,-0.2,28.1,-0.6
3-Sep-08,21.3,0.8,25.3,0.4,26.6,-0.2,28.1,-0.6
10-Sep-08,21,0.6,25.2,0.3,26.6,-0.2,28.1,-0.6
17-Sep-08,21.1,0.8,24.9,0.1,26.4,-0.4,28.1,-0.6
24-Sep-08,21.3,0.8,25.1,0.2,26.4,-0.4,28.1,-0.6
1-Oct-08,21,0.4,24.7,-0.2,26.2,-0.5,28.3,-0.4
8-Oct-08,20.6,-0.1,24.9,0,26.3,-0.4,28.3,-0.4
15-Oct-08,20.7,-0.1,24.9,-0.1,26.4,-0.3,28.3,-0.4
22-Oct-08,21,0,24.8,-0.2,26.3,-0.4,28.2,-0.4
29-Oct-08,20.5,-0.7,24.6,-0.3,26.4,-0.2,28.2,-0.4
5-Nov-08,21.3,0,24.6,-0.3,26.3,-0.3,28.2,-0.4
12-Nov-08,21.8,0.3,24.9,-0.1,26.5,-0.2,28.1,-0.5
19-Nov-08,21.5,-0.2,24.9,-0.1,26.3,-0.3,28,-0.6
26-Nov-08,21.2,-0.8,24.6,-0.4,26.1,-0.5,27.9,-0.6
3-Dec-08,21.4,-0.9,24.8,-0.3,26,-0.6,27.9,-0.6
10-Dec-08,22.1,-0.4,24.6,-0.5,25.8,-0.8,27.7,-0.7
17-Dec-08,22.6,-0.3,24.6,-0.6,25.8,-0.8,27.7,-0.8
24-Dec-08,22.8,-0.5,24.5,-0.8,25.6,-1,27.5,-0.9
31-Dec-08,23.3,-0.3,24.4,-1,25.4,-1.2,27.5,-0.9
7-Jan-09,23.4,-0.6,24.5,-0.9,25.4,-1.2,27.4,-1
14-Jan-09,24,-0.3,24.8,-0.8,25.4,-1.1,27.4,-0.9
21-Jan-09,25.3,0.5,25.5,-0.2,25.8,-0.8,27.4,-0.8
28-Jan-09,25.3,0.2,25.5,-0.4,25.7,-1,27.3,-0.9
4-Feb-09,25.1,-0.4,25.4,-0.7,25.7,-0.9,27.2,-0.9
11-Feb-09,25.8,0,25.6,-0.6,25.9,-0.8,27.3,-0.8
18-Feb-09,26.3,0.2,26.1,-0.4,26.2,-0.6,27.4,-0.7
25-Feb-09,26.5,0.2,26.4,-0.3,26.3,-0.6,27.4,-0.7
4-Mar-09,26.5,0.2,26.1,-0.7,26.4,-0.7,27.5,-0.6
11-Mar-09,26.1,-0.3,26.1,-0.9,26.7,-0.5,27.7,-0.4
18-Mar-09,26,-0.4,26.4,-0.7,26.7,-0.6,27.8,-0.4
25-Mar-09,26.3,0.1,26.7,-0.5,26.8,-0.6,27.9,-0.4
1-Apr-09,26.4,0.5,27.2,-0.1,27.1,-0.4,28.1,-0.2
8-Apr-09,25.7,0,27.4,0,27.4,-0.2,28.3,-0.1
15-Apr-09,26.1,0.7,27.5,0,27.5,-0.2,28.3,-0.2
22-Apr-09,25.4,0.2,27.3,-0.1,27.6,-0.2,28.4,-0.2
29-Apr-09,25.3,0.4,27.5,0.2,27.7,-0.1,28.6,0
6-May-09,25.3,0.7,27.6,0.4,27.9,0.1,28.8,0.1
13-May-09,24.8,0.5,27.4,0.3,28,0.2,29,0.2
20-May-09,24.4,0.4,27.4,0.4,28.2,0.4,29.1,0.3
27-May-09,24.3,0.6,27.2,0.4,28.1,0.3,29.1,0.3
3-Jun-09,23.7,0.4,27.1,0.4,27.9,0.2,29,0.2
10-Jun-09,23.7,0.6,27.2,0.6,28.1,0.4,29.1,0.3
17-Jun-09,23.9,1.1,27.2,0.8,28.2,0.5,29.2,0.4
24-Jun-09,23.5,1,27.1,0.9,28.2,0.7,29.3,0.5
1-Jul-09,22.9,0.7,26.9,0.9,28.2,0.7,29.3,0.5
8-Jul-09,23,1.1,26.7,0.9,28,0.7,29.2,0.4
15-Jul-09,22.7,1,26.6,1,28,0.7,29.2,0.4
22-Jul-09,22.2,0.8,26.5,1,27.9,0.8,29.2,0.4
29-Jul-09,22.1,0.9,26.2,0.8,27.7,0.6,29.1,0.4
5-Aug-09,22.2,1.2,26,0.8,27.6,0.6,29.1,0.4
12-Aug-09,21.4,0.6,25.9,0.8,27.4,0.6,29.1,0.4
19-Aug-09,21.6,0.9,25.8,0.9,27.4,0.6,29.2,0.6
26-Aug-09,21.5,1,25.9,1,27.6,0.8,29.3,0.7
2-Sep-09,21.4,0.9,25.9,1,27.6,0.8,29.3,0.6
9-Sep-09,21.1,0.6,25.7,0.8,27.5,0.8,29.3,0.6
16-Sep-09,20.8,0.4,25.6,0.8,27.5,0.8,29.3,0.6
23-Sep-09,20.5,0,25.6,0.7,27.4,0.7,29.2,0.6
30-Sep-09,20.4,-0.2,25.4,0.6,27.3,0.6,29.2,0.6
7-Oct-09,20.1,-0.5,25.5,0.6,27.3,0.6,29.4,0.7
14-Oct-09,21,0.2,25.6,0.7,27.5,0.8,29.6,1
21-Oct-09,21.2,0.3,25.8,0.8,27.7,1,29.8,1.2
28-Oct-09,21.6,0.5,26.1,1.2,28.1,1.4,30,1.3
4-Nov-09,21.8,0.5,26.2,1.3,28.2,1.6,29.9,1.3
11-Nov-09,22.1,0.6,26.2,1.2,28.2,1.5,29.9,1.3
18-Nov-09,22.2,0.5,26.2,1.2,28.2,1.6,29.8,1.2
25-Nov-09,22.2,0.3,26.3,1.2,28.2,1.6,29.9,1.3
2-Dec-09,22.7,0.4,26.5,1.4,28.2,1.6,29.7,1.2
9-Dec-09,22.7,0.2,26.6,1.5,28.2,1.7,29.6,1.1
16-Dec-09,22.6,-0.2,26.7,1.5,28.3,1.8,29.7,1.2
23-Dec-09,23.7,0.5,26.8,1.5,28.4,1.9,29.7,1.3
30-Dec-09,24.3,0.7,26.7,1.4,28.3,1.7,29.6,1.2
6-Jan-10,24.3,0.4,26.7,1.2,28.3,1.7,29.7,1.3
13-Jan-10,24.6,0.3,26.7,1.1,28.2,1.6,29.6,1.3
20-Jan-10,24.7,0.1,26.5,0.8,28,1.4,29.5,1.2
27-Jan-10,25.5,0.4,26.6,0.7,27.8,1.2,29.3,1.1
3-Feb-10,25.4,0,26.7,0.6,27.8,1.2,29.1,1
10-Feb-10,25.7,-0.2,27,0.7,27.9,1.2,29,0.9
17-Feb-10,26.4,0.3,27.2,0.8,27.9,1.2,29,1
24-Feb-10,26.5,0.3,27.4,0.8,28,1.1,29.2,1.1
3-Mar-10,26.3,-0.1,27.5,0.7,28.1,1.1,29.2,1
10-Mar-10,26,-0.4,27.5,0.5,28.3,1.2,29.3,1.1
17-Mar-10,26.2,-0.3,27.8,0.7,28.4,1.1,29.2,1.1
24-Mar-10,26.3,0,27.9,0.7,28.4,1,29.2,0.9
31-Mar-10,25.9,-0.1,28.1,0.8,28.4,0.9,29.2,0.8
7-Apr-10,26,0.3,28.1,0.7,28.4,0.8,29.3,0.9
14-Apr-10,26.6,1,28.2,0.8,28.5,0.7,29.2,0.7
21-Apr-10,26,0.8,28,0.6,28.4,0.6,29.2,0.7
28-Apr-10,25.2,0.3,27.8,0.4,28.2,0.4,29.3,0.7
5-May-10,24.8,0.2,27.7,0.5,28,0.2,29.1,0.4
12-May-10,24.8,0.5,27.1,0,27.7,-0.2,29,0.3
19-May-10,24,0,26.8,-0.3,27.5,-0.3,29,0.2
26-May-10,23.2,-0.5,26.4,-0.4,27.5,-0.3,29,0.2
2-Jun-10,23.4,0,26.1,-0.6,27.3,-0.5,28.8,0
9-Jun-10,23.1,0,26,-0.6,27.1,-0.6,28.7,-0.1
16-Jun-10,22.3,-0.5,25.8,-0.6,27,-0.7,28.6,-0.2
23-Jun-10,22.4,-0.2,25.5,-0.8,26.9,-0.7,28.5,-0.3
30-Jun-10,21.6,-0.7,25.3,-0.8,26.7,-0.8,28.3,-0.5
7-Jul-10,20.9,-1.1,24.8,-1,26.4,-0.9,28.2,-0.6
14-Jul-10,20,-1.6,24.6,-1.1,26.1,-1.1,28.2,-0.6
21-Jul-10,19.6,-1.9,24.4,-1.1,26,-1.2,28,-0.8
28-Jul-10,19.5,-1.7,24,-1.4,25.6,-1.4,27.8,-1
4-Aug-10,19.5,-1.5,24,-1.3,25.8,-1.2,27.7,-1
11-Aug-10,19.6,-1.2,24.1,-1,25.7,-1.2,27.5,-1.2
18-Aug-10,19.2,-1.4,23.8,-1.1,25.6,-1.2,27.5,-1.1
25-Aug-10,19.2,-1.4,23.7,-1.3,25.2,-1.6,27.1,-1.5
1-Sep-10,18.8,-1.7,23.4,-1.5,25.1,-1.7,27.2,-1.5
8-Sep-10,19.1,-1.3,23.5,-1.4,25.2,-1.6,27.1,-1.6
15-Sep-10,18.6,-1.8,23.4,-1.5,25.1,-1.6,27.1,-1.6
22-Sep-10,19.3,-1.2,24,-0.8,25.1,-1.6,27.1,-1.6
29-Sep-10,19.2,-1.4,23.5,-1.3,24.8,-1.9,27.1,-1.6
6-Oct-10,18.7,-1.9,23.2,-1.7,24.8,-1.9,27.1,-1.6
13-Oct-10,18.9,-1.9,23,-2,25.1,-1.6,27.1,-1.6
20-Oct-10,19.1,-1.8,23.2,-1.7,25.1,-1.6,27,-1.7
27-Oct-10,19.8,-1.3,23.6,-1.4,25.2,-1.5,27,-1.6
3-Nov-10,19.7,-1.6,23.4,-1.6,25.2,-1.4,27,-1.6
10-Nov-10,19.5,-1.9,23.5,-1.5,25.2,-1.4,27.2,-1.5
17-Nov-10,20.2,-1.5,23.5,-1.5,25,-1.6,27.1,-1.5
24-Nov-10,20.6,-1.3,23.3,-1.7,24.9,-1.7,26.9,-1.7
1-Dec-10,20.5,-1.7,23.3,-1.7,25,-1.7,27,-1.5
8-Dec-10,20.9,-1.5,23.4,-1.7,25,-1.6,26.9,-1.6
15-Dec-10,21.1,-1.7,23.5,-1.7,25,-1.5,26.9,-1.6
22-Dec-10,21.7,-1.4,23.4,-1.8,24.8,-1.8,26.8,-1.6
29-Dec-10,22.9,-0.6,23.8,-1.5,25,-1.5,26.7,-1.7
5-Jan-11,23.1,-0.7,24.1,-1.3,25,-1.5,26.7,-1.7
12-Jan-11,23.6,-0.7,24.1,-1.5,24.7,-1.8,26.6,-1.7
19-Jan-11,24.2,-0.5,24.4,-1.3,25,-1.6,26.7,-1.6
26-Jan-11,25,0,24.5,-1.4,24.9,-1.7,26.8,-1.4
2-Feb-11,25.3,-0.1,24.9,-1.1,25.1,-1.5,26.6,-1.5
9-Feb-11,25.9,0.2,25.5,-0.8,25.5,-1.2,26.8,-1.3
16-Feb-11,26.8,0.7,25.6,-0.8,25.4,-1.3,27,-1.1
23-Feb-11,26.4,0.2,25.9,-0.7,25.6,-1.3,27,-1.1
2-Mar-11,25.7,-0.6,26,-0.8,25.7,-1.3,27.1,-1.1
9-Mar-11,26.3,-0.2,26.2,-0.8,26,-1.1,27.3,-0.9
16-Mar-11,26.6,0.1,26.3,-0.8,26.4,-0.9,27.5,-0.7
23-Mar-11,25.8,-0.5,26.6,-0.6,26.4,-0.9,27.5,-0.7
30-Mar-11,25.6,-0.4,26.9,-0.4,26.6,-0.9,27.5,-0.8
6-Apr-11,25.4,-0.4,27.1,-0.2,26.9,-0.7,27.7,-0.6
13-Apr-11,25.8,0.3,27.3,-0.2,27.1,-0.7,27.9,-0.6
20-Apr-11,25.4,0.1,27.2,-0.3,27.1,-0.7,27.8,-0.7
27-Apr-11,25.8,0.8,27.2,-0.1,27.1,-0.7,27.9,-0.7
4-May-11,25.1,0.4,27,-0.3,27.2,-0.6,28,-0.7
11-May-11,25.3,0.9,27,-0.2,27.4,-0.5,28.3,-0.5
18-May-11,24.6,0.5,27,-0.1,27.6,-0.3,28.4,-0.4
25-May-11,24,0.3,26.8,0,27.5,-0.3,28.3,-0.5
1-Jun-11,24.3,0.8,26.8,0.1,27.5,-0.2,28.4,-0.4
8-Jun-11,24.2,1.1,26.7,0.1,27.5,-0.2,28.4,-0.4
15-Jun-11,23.8,1,26.6,0.1,27.4,-0.2,28.4,-0.4
22-Jun-11,23.2,0.6,26.5,0.2,27.4,-0.1,28.4,-0.4
29-Jun-11,22.9,0.6,26.1,0.1,27.4,-0.1,28.6,-0.2
6-Jul-11,22.2,0.2,25.8,-0.1,27.1,-0.3,28.5,-0.3
13-Jul-11,21.9,0.2,25.7,0,27.1,-0.2,28.5,-0.3
20-Jul-11,22.1,0.6,25.6,0,26.9,-0.3,28.4,-0.4
27-Jul-11,21.9,0.7,25.3,-0.1,26.8,-0.3,28.4,-0.4
3-Aug-11,21.5,0.4,25,-0.3,26.4,-0.6,28.3,-0.4
10-Aug-11,20.9,0,24.6,-0.5,26.3,-0.6,28.4,-0.3
17-Aug-11,20.5,-0.1,24.5,-0.5,26,-0.8,28.2,-0.4
24-Aug-11,20.2,-0.4,24.3,-0.6,26.1,-0.7,28.3,-0.4
31-Aug-11,20,-0.5,24.4,-0.5,26.1,-0.7,28.3,-0.4
7-Sep-11,19.7,-0.7,24.2,-0.7,26.1,-0.7,28.2,-0.5
14-Sep-11,19.6,-0.8,24.1,-0.7,26,-0.8,28,-0.7
21-Sep-11,19.8,-0.6,24.3,-0.6,25.9,-0.9,27.8,-0.9
28-Sep-11,19.9,-0.6,24.1,-0.7,26,-0.7,28,-0.7
5-Oct-11,19.8,-0.8,24.1,-0.8,25.7,-1,27.7,-0.9
12-Oct-11,19.7,-1,24.1,-0.8,25.8,-0.9,27.9,-0.8
19-Oct-11,20,-0.9,23.9,-1.1,25.8,-0.8,28.1,-0.6
26-Oct-11,21.2,0.2,23.8,-1.1,25.4,-1.2,28,-0.7
2-Nov-11,20.5,-0.8,23.9,-1.1,25.6,-1,27.9,-0.8
9-Nov-11,20.5,-0.9,23.9,-1.1,25.7,-0.9,27.9,-0.7
16-Nov-11,20.5,-1.1,23.8,-1.1,25.6,-1,27.9,-0.7
23-Nov-11,21.4,-0.5,24,-1,25.6,-1,27.8,-0.8
30-Nov-11,21,-1.2,23.8,-1.3,25.4,-1.2,27.7,-0.9
7-Dec-11,21.4,-1,23.9,-1.2,25.5,-1.1,27.5,-1
14-Dec-11,21.5,-1.2,24.1,-1,25.6,-1,27.4,-1.1
21-Dec-11,22.1,-1,24.5,-0.7,25.6,-1,27.2,-1.3
28-Dec-11,22.6,-0.9,24.4,-0.9,25.5,-1.1,27.1,-1.3
4-Jan-12,22.7,-1.1,24.6,-0.8,25.5,-1,27.2,-1.2
11-Jan-12,23.7,-0.5,24.8,-0.7,25.6,-1,27.1,-1.2
18-Jan-12,24,-0.6,24.9,-0.8,25.4,-1.2,27.1,-1.2
25-Jan-12,24.6,-0.4,25.2,-0.7,25.5,-1.2,26.9,-1.3
1-Feb-12,24.6,-0.8,25.2,-0.8,25.5,-1.2,27,-1.2
8-Feb-12,25.2,-0.5,25.6,-0.6,25.7,-1,27.1,-1
15-Feb-12,26.9,0.8,26.3,-0.1,26.1,-0.7,27.1,-1
22-Feb-12,26.9,0.8,26.8,0.2,26.5,-0.4,27.4,-0.7
29-Feb-12,27.3,1,27.1,0.4,26.4,-0.6,27.2,-0.9
7-Mar-12,26.6,0.2,26.7,-0.2,26.4,-0.7,27.3,-0.9
14-Mar-12,26.6,0.2,26.6,-0.4,26.6,-0.6,27.5,-0.7
21-Mar-12,26.7,0.4,27,-0.2,26.7,-0.6,27.8,-0.5
28-Mar-12,26.9,0.8,27.5,0.3,27.1,-0.3,27.7,-0.6
4-Apr-12,26.2,0.3,27.6,0.3,27.2,-0.3,27.9,-0.5
11-Apr-12,27.4,1.8,27.8,0.4,27.3,-0.4,28.1,-0.3
18-Apr-12,26.8,1.4,27.5,0,27.3,-0.5,28.1,-0.4
25-Apr-12,26.6,1.5,27.5,0.1,27.6,-0.2,28.4,-0.2
2-May-12,26.3,1.6,27.4,0.1,27.7,-0.1,28.4,-0.2
9-May-12,25.7,1.2,27.3,0.1,27.8,0,28.4,-0.3
16-May-12,25.2,1,27.2,0.1,27.8,0,28.5,-0.3
23-May-12,24.8,0.9,27.1,0.2,27.8,0,28.6,-0.2
30-May-12,24.5,0.9,27.2,0.4,27.9,0.2,28.7,-0.1
6-Jun-12,24.7,1.5,27.1,0.4,27.8,0.1,28.6,-0.2
13-Jun-12,24.4,1.5,27.1,0.6,27.9,0.3,28.6,-0.2
20-Jun-12,24.3,1.7,27.1,0.8,28,0.4,28.8,0
27-Jun-12,23.8,1.5,27.1,0.9,28.1,0.6,28.9,0
4-Jul-12,23.2,1.1,26.8,0.8,27.9,0.5,28.8,0
11-Jul-12,22.6,0.8,26.6,0.8,27.7,0.4,28.8,0
18-Jul-12,22.6,1.1,26.5,0.9,27.7,0.5,28.8,0
25-Jul-12,22,0.7,26.4,1,27.7,0.6,28.9,0.1
1-Aug-12,21.6,0.5,26.1,0.9,27.6,0.6,29,0.3
8-Aug-12,20.9,0,25.9,0.8,27.7,0.8,29.1,0.4
15-Aug-12,20.8,0.1,25.6,0.6,27.4,0.6,29.1,0.4
22-Aug-12,21,0.4,25.5,0.5,27.4,0.6,29.1,0.4
29-Aug-12,20.3,-0.2,25.6,0.7,27.7,0.9,29.1,0.5
5-Sep-12,20.7,0.3,25.5,0.6,27.5,0.8,29.2,0.5
12-Sep-12,20.9,0.5,25.3,0.4,27.3,0.5,29.1,0.4
19-Sep-12,21,0.5,25.2,0.3,27,0.3,29,0.4
26-Sep-12,21,0.5,25.1,0.2,26.9,0.2,29.1,0.4
3-Oct-12,20.5,-0.1,24.8,-0.1,26.8,0.1,29,0.3
10-Oct-12,20.2,-0.6,24.7,-0.2,26.8,0.1,29.1,0.4
17-Oct-12,20.5,-0.4,25,0.1,27,0.3,29.1,0.5
24-Oct-12,21,0,25,0.1,27.2,0.5,29.3,0.7
31-Oct-12,21.5,0.3,25.2,0.2,27.1,0.4,29.2,0.6
7-Nov-12,21.5,0.2,25.1,0.1,27,0.4,29.2,0.6
14-Nov-12,21,-0.5,25.2,0.2,27.2,0.5,29.3,0.7
21-Nov-12,21.1,-0.7,25.1,0.1,26.9,0.3,29.1,0.5
28-Nov-12,20.7,-1.4,24.9,-0.1,26.8,0.2,28.9,0.4
5-Dec-12,21.5,-0.9,24.9,-0.2,26.5,-0.1,28.6,0.1
12-Dec-12,21.8,-0.8,24.8,-0.3,26.5,-0.1,28.8,0.4
19-Dec-12,22.4,-0.6,24.9,-0.3,26.4,-0.2,28.6,0.2
26-Dec-12,22.7,-0.6,25,-0.3,26.4,-0.1,28.6,0.2
2-Jan-13,23.3,-0.4,25,-0.4,26.3,-0.3,28.4,0.1
9-Jan-13,23.7,-0.4,24.8,-0.7,26,-0.6,28.3,0
16-Jan-13,24.1,-0.4,25,-0.6,26,-0.6,28.1,-0.2
23-Jan-13,24.2,-0.6,25.3,-0.5,26.4,-0.2,28.2,0
30-Jan-13,24.8,-0.5,25.1,-0.9,26.1,-0.5,28.1,0
6-Feb-13,25.4,-0.2,25.5,-0.7,26.2,-0.5,28.1,-0.1
13-Feb-13,25.9,-0.1,25.9,-0.4,26.4,-0.3,28.1,0
20-Feb-13,25.6,-0.6,26.2,-0.3,26.3,-0.5,27.9,-0.1
27-Feb-13,25.8,-0.4,26.5,-0.2,26.6,-0.3,27.9,-0.2
6-Mar-13,26.7,0.4,27,0.1,26.9,-0.1,27.9,-0.2
13-Mar-13,27,0.5,27.1,0,26.8,-0.3,27.7,-0.4
20-Mar-13,26.6,0.2,27.6,0.4,27.1,-0.1,28,-0.2
27-Mar-13,25.6,-0.5,27.6,0.3,27.3,-0.1,28.1,-0.2
3-Apr-13,25,-0.9,27.3,0,27.6,0.1,28.3,0
10-Apr-13,24.8,-0.9,27.5,0,27.7,0,28.5,0.1
17-Apr-13,24.6,-0.8,27.5,0,27.7,-0.1,28.5,0
24-Apr-13,24.5,-0.6,27.3,-0.1,27.7,-0.1,28.4,-0.1
1-May-13,23.6,-1.2,26.9,-0.4,27.8,0,28.7,0
8-May-13,22.9,-1.6,26.7,-0.5,27.7,-0.1,28.7,0
15-May-13,23.2,-1.1,26.5,-0.6,27.5,-0.4,28.6,-0.2
22-May-13,22.3,-1.6,25.9,-1,27.4,-0.4,28.7,-0.1
29-May-13,21.5,-2.1,25.9,-0.9,27.5,-0.2,28.8,0
5-Jun-13,22,-1.3,25.9,-0.8,27.5,-0.2,28.8,0
12-Jun-13,21.9,-1.1,25.9,-0.6,27.5,-0.2,28.8,-0.1
19-Jun-13,21.1,-1.6,25.7,-0.7,27.3,-0.3,28.6,-0.2
26-Jun-13,20.5,-1.9,25.6,-0.6,27.4,-0.1,28.8,0
3-Jul-13,20.6,-1.5,25.4,-0.5,27.2,-0.2,28.8,0
10-Jul-13,20.5,-1.3,25,-0.8,26.9,-0.4,28.8,0
17-Jul-13,20.1,-1.5,24.8,-0.8,26.8,-0.4,28.7,-0.1
24-Jul-13,20.3,-1.1,24.9,-0.6,26.8,-0.3,28.7,-0.1
31-Jul-13,19.8,-1.3,24.6,-0.8,26.8,-0.2,28.7,0
7-Aug-13,19.8,-1.1,24.5,-0.7,26.7,-0.3,28.6,-0.1
14-Aug-13,19.6,-1.1,24.4,-0.7,26.4,-0.4,28.7,0
21-Aug-13,19.9,-0.8,24.4,-0.6,26.4,-0.4,28.7,0
28-Aug-13,19.4,-1.1,24.5,-0.5,26.7,-0.1,28.9,0.2
4-Sep-13,19.6,-0.9,24.6,-0.3,26.8,0,28.8,0.1
11-Sep-13,20,-0.4,24.7,-0.2,26.8,0,28.7,0
18-Sep-13,19.9,-0.5,24.9,0.1,26.7,-0.1,28.6,-0.1
25-Sep-13,20.1,-0.4,24.7,-0.2,26.5,-0.2,28.5,-0.1
2-Oct-13,19.7,-0.9,24.6,-0.2,26.4,-0.3,28.7,0
9-Oct-13,20.1,-0.7,24.6,-0.3,26.3,-0.3,28.6,0
16-Oct-13,20.3,-0.5,24.8,-0.1,26.3,-0.4,28.6,-0.1
23-Oct-13,20.5,-0.4,24.7,-0.2,26.3,-0.4,28.7,0.1
30-Oct-13,20.5,-0.7,24.8,-0.1,26.5,-0.2,28.8,0.2
6-Nov-13,21,-0.4,24.8,-0.1,26.6,0,28.9,0.3
13-Nov-13,21.1,-0.4,24.7,-0.2,26.6,0,28.9,0.3
20-Nov-13,21.3,-0.5,24.8,-0.2,26.7,0.1,28.9,0.3
27-Nov-13,21.7,-0.4,24.9,-0.1,26.7,0.1,28.8,0.2
4-Dec-13,22,-0.3,24.9,-0.2,26.8,0.2,28.8,0.3
11-Dec-13,22.4,-0.2,25.1,0,26.6,0,28.7,0.2
18-Dec-13,22.4,-0.5,25.2,0,26.5,-0.1,28.6,0.1
25-Dec-13,22.8,-0.4,25.2,-0.1,26.4,-0.2,28.5,0.1
1-Jan-14,23.7,0,25.2,-0.2,26.3,-0.3,28.2,-0.2
8-Jan-14,24.2,0.1,25.1,-0.5,26,-0.5,28.2,-0.2
